snapshot_ts,source,game_id,home_team,away_team,provider,spread,spread_open,over_under,ou_open,home_ml,away_ml
2026-08-29T13:35:36.498311-04:00,cfbd,401856779,Iowa State,Southeast Missouri State,DraftKings,-29.5,-29.5,53.5,53.5,-20000.0,3500.0
2026-08-29T13:35:36.498311-04:00,cfbd,401856658,Georgia,Tennessee State,DraftKings,-47.5,-46.5,55.5,56.5,,
2026-08-29T13:35:36.498311-04:00,cfbd,401866410,Bowling Green,Tarleton State,DraftKings,-2.5,-2.5,47.5,47.5,-135.0,114.0
2026-08-29T13:35:36.498311-04:00,cfbd,401869960,James Madison,Liberty,DraftKings,-6.5,-6.0,52.5,,-245.0,200.0
2026-08-29T13:35:36.498311-04:00,cfbd,401869960,James Madison,Liberty,Bovada,-6.5,-6.0,53.0,50.5,-250.0,210.0
2026-08-29T13:35:36.498311-04:00,cfbd,401856666,Tennessee,Furman,DraftKings,-46.5,-46.5,66.5,66.5,,
2026-08-29T13:35:36.498311-04:00,cfbd,401856777,Cincinnati,Boston College,DraftKings,-7.5,-9.5,51.5,,-310.0,250.0
2026-08-29T13:35:36.498311-04:00,cfbd,401856777,Cincinnati,Boston College,Bovada,-7.5,-9.5,52.0,54.5,-270.0,220.0
2026-08-29T13:35:36.498311-04:00,cfbd,401856635,Arkansas,North Alabama,DraftKings,-40.5,-40.5,63.5,63.5,,
2026-08-29T13:35:36.498311-04:00,cfbd,401856767,UCF,Bethune-Cookman,DraftKings,-42.5,-41.5,59.5,,,
2026-08-29T13:35:36.498311-04:00,cfbd,401858208,Syracuse,New Hampshire,DraftKings,-32.5,-32.5,55.5,55.5,-100000.0,5000.0
2026-08-29T13:35:36.498311-04:00,cfbd,401862701,Army,Bryant,DraftKings,-36.5,-36.5,51.5,,,
2026-08-29T13:35:36.498311-04:00,cfbd,401861962,UConn,Lafayette,DraftKings,-19.5,-19.5,58.5,58.5,-1100.0,700.0
2026-08-29T13:35:36.498311-04:00,cfbd,401864496,Air Force,Duquesne,DraftKings,-30.5,-30.5,58.5,58.5,-100000.0,5000.0
2026-08-29T13:35:36.498311-04:00,cfbd,401856659,Kentucky,Youngstown State,DraftKings,-23.5,-23.5,62.5,62.5,-4000.0,1600.0
2026-08-29T13:35:36.498311-04:00,cfbd,401862698,Temple,Rhode Island,DraftKings,-10.5,-10.0,51.5,51.5,-550.0,410.0
2026-08-29T13:35:36.498311-04:00,cfbd,401864425,Kennesaw State,West Georgia,DraftKings,-22.5,-22.5,51.5,51.5,-3600.0,1500.0
2026-08-29T13:35:36.498311-04:00,cfbd,401856663,Missouri,Arkansas-Pine Bluff,DraftKings,-54.5,-54.5,60.5,60.5,,
2026-08-29T13:35:36.498311-04:00,cfbd,401856769,Kansas,Long Island University,DraftKings,-38.5,-38.5,53.5,53.5,,
2026-08-29T13:35:36.498311-04:00,cfbd,401864424,Delaware,Merrimack,DraftKings,-28.5,-28.5,55.5,55.5,-20000.0,3500.0
2026-08-29T13:35:36.498311-04:00,cfbd,401858435,Purdue,Indiana State,DraftKings,-35.5,-34.5,56.5,56.5,,
2026-08-29T13:35:36.498311-04:00,cfbd,401862696,Navy,Towson,DraftKings,-30.5,-30.5,53.5,53.5,-20000.0,3500.0
2026-08-29T13:35:36.498311-04:00,cfbd,401862694,Charlotte,The Citadel,DraftKings,-15.5,-15.5,46.5,46.5,-1100.0,700.0
2026-08-29T13:35:36.498311-04:00,cfbd,401858422,Minnesota,Eastern Illinois,DraftKings,-43.5,-43.5,51.5,,,
2026-08-29T13:35:36.498311-04:00,cfbd,401866623,Georgia State,North Carolina A&T,DraftKings,-28.5,-28.5,63.5,63.5,-4500.0,1700.0
2026-08-29T13:35:36.498311-04:00,cfbd,401866409,Buffalo,UAlbany,DraftKings,-24.5,-24.5,48.5,48.5,-5000.0,1800.0
2026-08-29T13:35:36.498311-04:00,cfbd,401862700,UTSA,UT Rio Grande Valley,DraftKings,-28.5,-28.5,59.5,59.5,-9000.0,2500.0
2026-08-29T13:35:36.498311-04:00,cfbd,401864499,North Dakota State,Fordham,DraftKings,-39.5,-39.5,57.5,57.5,,
2026-08-29T13:35:36.498311-04:00,cfbd,401866627,App State,Maine,DraftKings,-18.5,-17.5,53.5,53.5,-800.0,550.0
2026-08-29T13:35:36.498311-04:00,cfbd,401868356,Southern Miss,Alcorn State,DraftKings,-21.0,-21.0,50.5,50.5,-2800.0,1300.0
2026-08-29T13:35:36.498311-04:00,cfbd,401867973,Old Dominion,Norfolk State,DraftKings,-41.5,-41.5,55.5,55.5,,
2026-08-29T13:35:36.498311-04:00,cfbd,401856770,Texas Tech,Abilene Christian,DraftKings,-42.5,-42.5,59.5,59.5,,
2026-08-29T13:35:36.498311-04:00,cfbd,401856771,Kansas State,Nicholls,DraftKings,-40.5,-40.5,55.5,55.5,,
2026-08-29T13:35:36.498311-04:00,cfbd,401858211,Virginia Tech,VMI,DraftKings,-50.5,-50.5,57.5,57.5,,
2026-08-29T13:35:36.498311-04:00,cfbd,401869129,Louisiana Tech,Northwestern State,DraftKings,-41.5,-41.5,52.5,52.5,,
2026-08-29T13:35:36.498311-04:00,cfbd,401856775,BYU,Utah Tech,DraftKings,-47.5,-47.5,54.5,54.5,,
2026-08-29T13:35:36.498311-04:00,cfbd,401858427,Maryland,Hampton,DraftKings,-45.5,-45.5,56.5,56.5,,
2026-08-29T13:35:36.498311-04:00,cfbd,401856773,Arizona,Northern Arizona,DraftKings,-31.5,-31.5,56.5,56.5,-10000.0,3000.0
2026-08-29T13:35:36.498311-04:00,cfbd,401856774,Arizona State,Morgan State,DraftKings,-41.5,-41.5,52.5,52.5,,
2026-08-29T13:35:36.498311-04:00,cfbd,401866411,Sacramento State,Mississippi Valley State,DraftKings,-35.5,-35.5,56.5,56.5,,
2026-08-29T13:35:36.498311-04:00,cfbd,401860879,San Diego State,Portland State,DraftKings,-40.5,-38.5,57.5,57.5,,
2026-08-29T13:35:36.498311-04:00,cfbd,401869142,Louisiana,Lamar,DraftKings,-20.5,-18.5,48.5,48.5,-1000.0,650.0
2026-08-29T13:35:36.498311-04:00,cfbd,401856669,Vanderbilt,Austin Peay,DraftKings,-30.5,-30.5,61.5,61.5,-100000.0,5000.0
2026-08-29T13:35:36.498311-04:00,cfbd,401868316,South Alabama,SE Louisiana,DraftKings,-12.5,-12.5,52.5,52.5,-600.0,440.0
2026-08-29T13:35:36.498311-04:00,cfbd,401867866,Middle Tennessee,Murray State,DraftKings,-20.5,-20.5,59.5,59.5,-1650.0,950.0
2026-08-29T13:35:36.498311-04:00,cfbd,401868140,Jacksonville State,Eastern Kentucky,DraftKings,-19.5,-19.5,52.5,52.5,-2100.0,1100.0
2026-08-29T13:35:36.498311-04:00,cfbd,401868170,Georgia Southern,Charleston Southern,DraftKings,-25.5,-25.5,51.5,51.5,-4500.0,1700.0
2026-08-29T13:35:36.498311-04:00,cfbd,401862697,Rice,Houston Christian,DraftKings,-24.5,-24.5,47.5,47.5,-1800.0,1000.0
2026-08-29T13:35:36.498311-04:00,cfbd,401858431,Northwestern,South Dakota State,DraftKings,-12.5,-12.5,46.5,46.5,-700.0,500.0
2026-08-29T13:35:36.498311-04:00,cfbd,401860880,Utah State,Idaho State,DraftKings,-12.5,-11.5,63.5,64.5,-550.0,410.0
2026-08-29T13:35:36.498311-04:00,cfbd,401870790,New Mexico State,Mercyhurst,DraftKings,-24.5,-24.5,50.5,50.5,-4500.0,1700.0
2026-08-29T13:35:36.498311-04:00,cfbd,401858423,Rutgers,Massachusetts,Bovada,-29.0,-30.5,53.0,54.5,,
2026-08-29T13:35:36.498311-04:00,cfbd,401858423,Rutgers,Massachusetts,DraftKings,-29.5,-30.5,52.5,,-9000.0,2500.0
2026-08-29T13:35:36.498311-04:00,cfbd,401856768,Utah,Idaho,DraftKings,-33.5,-32.5,56.5,56.5,-20000.0,3500.0
2026-08-29T13:35:36.498311-04:00,cfbd,401867894,Youngstown State,Mercyhurst,Draft Kings,-30.5,,57.5,,,
2026-08-29T13:35:36.498311-04:00,cfbd,401868129,Northern Colorado,Weber State,DraftKings,-3.0,-3.5,50.5,49.5,-161.0,129.0
2026-08-29T13:35:36.498311-04:00,cfbd,401868129,Northern Colorado,Weber State,Draft Kings,-3.0,,50.5,,,
2026-08-29T13:35:36.498311-04:00,cfbd,401866617,Merrimack,Rhode Island,DraftKings,20.5,20.5,47.5,53.5,890.0,-1960.0
2026-08-29T13:35:36.498311-04:00,cfbd,401866617,Merrimack,Rhode Island,Draft Kings,21.0,,47.5,,,
2026-08-29T13:35:36.498311-04:00,cfbd,401868324,Alabama State,Southern,DraftKings,-19.5,-19.5,56.5,56.5,-1760.0,830.0
2026-08-29T13:35:36.498311-04:00,cfbd,401866616,UAlbany,New Hampshire,DraftKings,10.0,11.5,46.5,45.5,268.0,-357.0
2026-08-29T13:35:36.498311-04:00,cfbd,401866616,UAlbany,New Hampshire,Draft Kings,10.0,,46.5,,,
2026-08-29T13:35:36.498311-04:00,cfbd,401868040,Villanova,William & Mary,DraftKings,-12.5,-11.5,47.5,50.5,-700.0,462.0
2026-08-29T13:35:36.498311-04:00,cfbd,401868040,Villanova,William & Mary,Draft Kings,-12.5,,47.5,,,
2026-08-29T13:35:36.498311-04:00,cfbd,401867882,South Dakota,Central Connecticut,DraftKings,-21.5,-22.5,49.5,53.5,-3900.0,1180.0
2026-08-29T13:35:36.498311-04:00,cfbd,401867916,Wagner,Robert Morris,DraftKings,-5.5,-5.5,40.5,39.5,-223.0,176.0
2026-08-29T13:35:36.498311-04:00,cfbd,401858212,Florida State,SMU,DraftKings,2.5,,52.5,,124.0,-148.0
2026-08-29T13:35:36.498311-04:00,cfbd,401858212,Florida State,SMU,Bovada,2.0,2.5,53.0,52.5,120.0,-140.0
2026-08-29T13:35:36.498311-04:00,cfbd,401858436,USC,Fresno State,DraftKings,-23.5,-23.5,51.5,,-3200.0,1400.0
2026-08-29T13:35:36.498311-04:00,cfbd,401858436,USC,Fresno State,Bovada,-23.5,-23.0,51.5,51.5,-3500.0,-100000.0
2026-08-29T13:35:36.498311-04:00,cfbd,401858201,Stanford,Hawai'i,DraftKings,-4.0,-3.0,48.5,,-198.0,164.0
2026-08-29T13:35:36.498311-04:00,cfbd,401858201,Stanford,Hawai'i,Bovada,-4.0,-3.0,48.5,50.5,-170.0,145.0
2026-08-29T13:35:36.498311-04:00,cfbd,401858437,Washington,Washington State,DraftKings,-23.5,-21.5,50.5,,-2800.0,1300.0
2026-08-29T13:35:36.498311-04:00,cfbd,401858437,Washington,Washington State,Bovada,-23.5,-21.5,51.0,50.5,-2200.0,1000.0
2026-08-29T13:35:36.498311-04:00,cfbd,401858202,Virginia,NC State,Bovada,-4.0,-3.5,51.0,54.5,-145.0,125.0
2026-08-29T13:35:36.498311-04:00,cfbd,401858202,Virginia,NC State,DraftKings,-4.0,,50.5,,-185.0,154.0
2026-08-29T13:35:36.498311-04:00,cfbd,401866620,East Tennessee State,Campbell,DraftKings,-7.0,-7.0,56.5,55.5,-267.0,207.0
2026-08-29T13:35:36.498311-04:00,cfbd,401868101,Idaho State,VMI,DraftKings,-34.5,-34.5,53.5,60.5,,
2026-08-29T13:35:36.498311-04:00,cfbd,401866621,Tennessee Tech,Monmouth,DraftKings,-8.5,-8.5,58.5,58.5,-340.0,257.0
2026-08-29T13:35:36.498311-04:00,cfbd,401858425,Indiana,North Texas,DraftKings,-40.5,-40.5,55.5,,,
2026-08-29T13:35:36.498311-04:00,cfbd,401858425,Indiana,North Texas,Bovada,-41.0,-40.5,55.5,55.5,,
2026-08-29T13:35:36.498311-04:00,cfbd,401856776,Georgia Tech,Colorado,DraftKings,-6.5,-7.0,50.5,,-238.0,195.0
2026-08-29T13:35:36.498311-04:00,cfbd,401856776,Georgia Tech,Colorado,Bovada,-6.5,-7.0,51.0,51.5,-290.0,240.0
2026-08-29T13:35:36.498311-04:00,cfbd,401866619,Stonehill,Bryant,DraftKings,4.5,4.5,45.5,44.5,153.0,-192.0
2026-08-29T13:35:36.498311-04:00,cfbd,401868394,Wofford,The Citadel,DraftKings,-7.5,-8.5,45.5,45.5,-415.0,305.0
2026-08-29T13:35:36.498311-04:00,cfbd,401858209,Duke,Tulane,DraftKings,-9.5,-8.5,50.5,,-380.0,300.0
2026-08-29T13:35:36.498311-04:00,cfbd,401858209,Duke,Tulane,Bovada,-8.5,-8.5,51.0,53.5,-480.0,350.0
2026-08-29T13:35:36.498311-04:00,cfbd,401866618,North Carolina A&T,Morgan State,DraftKings,7.5,8.5,49.5,50.5,235.0,-307.0
2026-08-29T13:35:36.498311-04:00,cfbd,401856667,Texas,Texas State,DraftKings,-30.5,-30.5,59.5,,-10000.0,3000.0
2026-08-29T13:35:36.498311-04:00,cfbd,401856667,Texas,Texas State,Bovada,-30.5,-30.5,60.0,59.5,-10000.0,-100000.0
2026-08-29T13:35:36.498311-04:00,cfbd,401868084,Northern Arizona,Eastern Washington,DraftKings,-5.5,-3.0,55.5,56.5,-242.0,189.0
2026-08-29T13:35:36.498311-04:00,cfbd,401868022,Holy Cross,Lehigh,DraftKings,14.0,14.0,47.5,47.5,509.0,-800.0
2026-08-29T13:35:36.498311-04:00,cfbd,401862693,UNLV,Memphis,DraftKings,-4.0,-3.0,55.5,,-192.0,160.0
2026-08-29T13:35:36.498311-04:00,cfbd,401862693,UNLV,Memphis,Bovada,-3.5,-3.0,56.0,60.5,-170.0,145.0
2026-08-29T13:35:36.498311-04:00,cfbd,401867977,Texas Southern,North Carolina Central,DraftKings,11.5,11.5,51.5,51.5,326.0,-450.0
2026-08-29T13:35:36.498311-04:00,cfbd,401867855,Indiana State,Southeast Missouri State,DraftKings,-1.5,-2.5,52.5,52.5,-123.0,-101.0
2026-08-29T13:35:36.498311-04:00,cfbd,401858206,Stanford,Miami,DraftKings,24.5,21.5,47.5,,1600.0,-4000.0
2026-08-29T13:35:36.498311-04:00,cfbd,401858206,Stanford,Miami,Bovada,24.5,21.5,47.5,48.5,-100000.0,-2500.0
2026-08-29T13:35:36.498311-04:00,cfbd,401867988,Richmond,Bucknell,DraftKings,-10.5,-10.5,48.5,49.5,-523.0,368.0
2026-08-29T13:35:36.498311-04:00,cfbd,401856772,Tulsa,Oklahoma State,DraftKings,14.0,11.5,60.5,,440.0,-600.0
2026-08-29T13:35:36.498311-04:00,cfbd,401856772,Tulsa,Oklahoma State,Bovada,13.5,11.5,60.0,61.5,390.0,-550.0
2026-08-29T13:35:36.498311-04:00,cfbd,401868118,Utah Tech,Montana State,DraftKings,31.5,31.5,56.5,56.5,,
2026-08-29T13:35:36.498311-04:00,cfbd,401868149,North Alabama,Samford,DraftKings,-7.5,-7.5,55.5,55.5,-350.0,263.0
2026-08-29T13:35:36.498311-04:00,cfbd,401868049,Lamar,Abilene Christian,DraftKings,7.5,7.5,49.5,49.5,232.0,-303.0
2026-08-29T13:35:36.498311-04:00,cfbd,401867935,Howard,Alabama A&M,DraftKings,-1.5,-2.5,46.5,46.5,-124.0,100.0
2026-08-29T13:35:36.498311-04:00,cfbd,401872615,South Dakota State,Stetson,DraftKings,-49.5,-47.5,57.5,56.5,,
2026-08-29T13:35:36.498311-04:00,cfbd,401868110,Montana,Southern Utah,DraftKings,-15.5,-16.5,59.5,58.5,-1080.0,620.0
2026-08-29T13:35:36.498311-04:00,cfbd,401868235,Tarleton State,Prairie View A&M,DraftKings,-19.5,-21.5,54.5,54.5,-1540.0,770.0
2026-08-29T13:35:36.498311-04:00,cfbd,401874042,Mercer,East Texas A&M,DraftKings,-22.5,-23.5,57.5,60.5,-3200.0,1100.0
2026-08-29T13:35:36.498311-04:00,cfbd,401868305,McNeese,Stephen F. Austin,DraftKings,12.5,13.5,48.5,49.5,327.0,-452.0
2026-08-29T13:35:36.498311-04:00,cfbd,401868139,Western Carolina,Eastern Kentucky,DraftKings,-3.0,-4.5,54.5,50.5,-152.0,122.0
2026-08-29T13:35:36.498311-04:00,cfbd,401868240,West Georgia,Chattanooga,Draft Kings,3.5,,50.5,,,
2026-08-29T13:35:36.498311-04:00,cfbd,401866532,Towson,Maine,Draft Kings,-2.5,,46.5,,,
2026-08-29T13:35:36.498311-04:00,cfbd,401866615,Delaware State,Stony Brook,Draft Kings,4.5,,50.5,,,
2026-08-29T13:35:36.498311-04:00,cfbd,401868315,SE Louisiana,Houston Christian,Draft Kings,-24.5,,51.5,,,
2026-08-29T13:35:36.498311-04:00,cfbd,401867865,Murray State,Eastern Illinois,Draft Kings,-4.5,,49.5,,,
2026-08-29T13:35:36.498311-04:00,cfbd,401868169,Lindenwood,Charleston Southern,Draft Kings,-7.5,,45.5,,,
2026-08-29T13:35:36.498311-04:00,cfbd,401868962,Nicholls,Mississippi Valley State,Draft Kings,-28.5,,51.5,,,
2026-08-29T13:35:36.498311-04:00,cfbd,401874035,West Florida,Southern Illinois,Draft Kings,19.5,,55.5,,,
2026-08-29T13:35:36.498311-04:00,cfbd,401868060,Austin Peay,Gardner-Webb,Draft Kings,-14.5,,59.5,,,
2026-08-29T13:35:36.498311-04:00,cfbd,401868070,UT Martin,Central Arkansas,Draft Kings,-3.0,,50.5,,,
2026-08-29T13:35:36.498311-04:00,cfbd,401867874,North Dakota,Long Island University,Draft Kings,-27.5,,44.5,,,
2026-08-29T13:35:36.498311-04:00,cfbd,401868154,Portland State,UC Davis,DraftKings,25.5,24.5,60.5,62.5,1300.0,-5400.0
2026-08-29T13:35:36.498311-04:00,cfbd,401868194,Tennessee State,Jackson State,DraftKings,12.5,15.5,49.5,49.5,435.0,-650.0
2026-08-29T13:35:36.498311-04:00,cfbd,401868261,New Haven,Marist,DraftKings,-2.5,1.5,46.5,44.5,-145.0,116.0
2026-08-29T13:35:36.498311-04:00,cfbd,401868261,New Haven,Marist,Draft Kings,-2.5,,46.5,,,
2026-08-29T13:35:36.498311-04:00,cfbd,401868007,Fordham,Colgate,DraftKings,8.5,10.0,55.5,50.5,242.0,-318.0
2026-08-29T13:35:36.498311-04:00,cfbd,401868007,Fordham,Colgate,Draft Kings,8.5,,55.5,,,
2026-08-29T13:35:36.498311-04:00,cfbd,401868073,Cal Poly,Idaho,DraftKings,5.5,3.5,53.5,55.5,172.0,-219.0
2026-08-29T13:35:36.498311-04:00,cfbd,401868073,Cal Poly,Idaho,Draft Kings,5.5,,53.5,,,
2026-08-29T13:35:36.498311-04:00,cfbd,401858428,Michigan,Western Michigan,Bovada,-27.5,-26.5,47.5,47.5,-100000.0,2200.0
2026-08-29T13:35:36.498311-04:00,cfbd,401858428,Michigan,Western Michigan,DraftKings,-27.5,-26.5,47.5,,-6500.0,2000.0
2026-08-29T13:35:36.498311-04:00,cfbd,401858424,Illinois,UAB,Bovada,-28.5,-27.5,57.0,56.5,-100000.0,2000.0
2026-08-29T13:35:36.498311-04:00,cfbd,401858424,Illinois,UAB,DraftKings,-28.5,-27.5,55.5,,-10000.0,3000.0
2026-08-29T13:35:36.498311-04:00,cfbd,401856634,Alabama,East Carolina,DraftKings,-28.5,-25.5,53.5,,-10000.0,3000.0
2026-08-29T13:35:36.498311-04:00,cfbd,401856634,Alabama,East Carolina,Bovada,-28.5,-25.5,54.0,53.5,-10000.0,1600.0
2026-08-29T13:35:36.498311-04:00,cfbd,401856662,Mississippi State,UL Monroe,Bovada,-28.5,-28.5,55.5,55.5,-100000.0,2000.0
2026-08-29T13:35:36.498311-04:00,cfbd,401856662,Mississippi State,UL Monroe,DraftKings,-28.5,-28.5,56.5,,-6500.0,2000.0
2026-08-29T13:35:36.498311-04:00,cfbd,401864498,New Mexico,Central Michigan,Bovada,-10.0,-12.5,47.0,49.0,-575.0,400.0
2026-08-29T13:35:36.498311-04:00,cfbd,401864498,New Mexico,Central Michigan,DraftKings,-10.5,-12.5,46.5,,-410.0,320.0
2026-08-29T13:35:36.498311-04:00,cfbd,401858433,Oregon,Boise State,DraftKings,-24.5,-24.5,51.5,,-4500.0,1700.0
2026-08-29T13:35:36.498311-04:00,cfbd,401858433,Oregon,Boise State,Bovada,-24.5,-24.5,52.0,53.5,-10000.0,1600.0
2026-08-29T13:35:36.498311-04:00,cfbd,401858430,Nebraska,Ohio,DraftKings,-23.5,-23.5,47.5,,-1800.0,1000.0
2026-08-29T13:35:36.498311-04:00,cfbd,401858430,Nebraska,Ohio,Bovada,-24.0,-23.5,47.5,47.5,-4000.0,1200.0
2026-08-29T13:35:36.498311-04:00,cfbd,401856766,TCU,North Carolina,DraftKings,-7.5,,46.5,,-310.0,250.0
2026-08-29T13:35:36.498311-04:00,cfbd,401856766,TCU,North Carolina,Bovada,-7.5,-7.5,46.0,50.5,-235.0,195.0
2026-08-29T13:35:36.498311-04:00,cfbd,401864432,Nevada,Western Kentucky,Bovada,2.5,4.0,53.0,53.5,120.0,-140.0
2026-08-29T13:35:36.498311-04:00,cfbd,401864432,Nevada,Western Kentucky,DraftKings,2.5,4.5,52.5,,110.0,-130.0
2026-08-29T13:35:36.498311-04:00,cfbd,401856636,Auburn,Baylor,DraftKings,-7.0,-6.5,59.5,,-298.0,240.0
2026-08-29T13:35:36.498311-04:00,cfbd,401856636,Auburn,Baylor,Bovada,-7.0,-7.5,59.0,58.5,-270.0,220.0
2026-08-29T13:35:36.498311-04:00,cfbd,401856661,Ole Miss,Louisville,Bovada,-6.5,-8.5,55.5,52.5,-270.0,220.0
2026-08-29T13:35:36.498311-04:00,cfbd,401856661,Ole Miss,Louisville,DraftKings,-6.5,,55.5,,-258.0,210.0
2026-08-29T13:35:36.498311-04:00,cfbd,401866408,Eastern Michigan,Sacramento State,DraftKings,-8.5,-8.5,52.5,,-355.0,280.0
2026-08-29T13:35:36.498311-04:00,cfbd,401866408,Eastern Michigan,Sacramento State,Bovada,-8.5,-8.5,53.0,52.5,-330.0,265.0
2026-08-29T13:35:36.498311-04:00,cfbd,401858434,Penn State,Marshall,Bovada,-24.5,-23.5,54.5,54.5,-3300.0,1100.0
2026-08-29T13:35:36.498311-04:00,cfbd,401858434,Penn State,Marshall,DraftKings,-24.5,-23.5,54.5,,-4000.0,1600.0
2026-08-29T13:35:36.498311-04:00,cfbd,401864497,Hawai'i,UNLV,Bovada,3.0,1.5,58.5,58.5,105.0,-125.0
2026-08-29T13:35:36.498311-04:00,cfbd,401864497,Hawai'i,UNLV,DraftKings,3.0,1.5,58.5,,130.0,-155.0
2026-08-29T13:35:36.498311-04:00,cfbd,401858438,Notre Dame,Wisconsin,Bovada,-20.5,-16.5,47.5,46.5,-2500.0,1000.0
2026-08-29T13:35:36.498311-04:00,cfbd,401858438,Notre Dame,Wisconsin,DraftKings,-20.5,,47.5,47.5,-1800.0,1000.0
2026-08-29T13:35:36.498311-04:00,cfbd,401860878,Colorado State,Wyoming,DraftKings,-3.5,-4.0,47.5,,-170.0,142.0
2026-08-29T13:35:36.498311-04:00,cfbd,401860878,Colorado State,Wyoming,Bovada,-3.5,-4.0,47.5,47.5,-180.0,155.0
2026-08-29T13:35:36.498311-04:00,cfbd,401862699,South Florida,Florida International,Bovada,-13.0,-12.5,54.0,54.5,-460.0,340.0
2026-08-29T13:35:36.498311-04:00,cfbd,401862699,South Florida,Florida International,DraftKings,-13.5,-12.5,53.5,,-575.0,425.0
2026-08-29T13:35:36.498311-04:00,cfbd,401856665,South Carolina,Kent State,Bovada,-36.5,-34.5,53.0,52.5,-100000.0,-100000.0
2026-08-29T13:35:36.498311-04:00,cfbd,401856665,South Carolina,Kent State,DraftKings,-36.5,-33.5,53.5,,-100000.0,5000.0
2026-08-29T13:35:36.498311-04:00,cfbd,401856637,Florida,Florida Atlantic,Bovada,-26.5,-25.5,59.5,56.5,-7000.0,1300.0
2026-08-29T13:35:36.498311-04:00,cfbd,401856637,Florida,Florida Atlantic,DraftKings,-27.5,-25.5,59.5,,-5000.0,1800.0
2026-08-29T13:35:36.498311-04:00,cfbd,401858210,California,UCLA,Bovada,2.0,-3.5,54.0,53.5,-115.0,-105.0
2026-08-29T13:35:36.498311-04:00,cfbd,401858210,California,UCLA,DraftKings,1.5,-1.5,53.5,,100.0,-120.0
2026-08-29T13:35:36.498311-04:00,cfbd,401864577,North Dakota State,Jacksonville State,Bovada,-6.5,-10.0,46.5,48.5,-330.0,265.0
2026-08-29T13:35:36.498311-04:00,cfbd,401864577,North Dakota State,Jacksonville State,DraftKings,-6.5,-10.0,46.5,,-265.0,215.0
2026-08-29T13:35:36.498311-04:00,cfbd,401864570,Florida State,New Mexico State,Bovada,-31.0,-29.5,53.5,53.5,-100000.0,2800.0
2026-08-29T13:35:36.498311-04:00,cfbd,401864570,Florida State,New Mexico State,DraftKings,-31.5,-28.5,53.5,,-10000.0,3000.0
2026-08-29T13:35:36.498311-04:00,cfbd,401870763,Troy,Sam Houston,Bovada,-17.0,-17.0,53.0,50.5,-1300.0,725.0
2026-08-29T13:35:36.498311-04:00,cfbd,401870763,Troy,Sam Houston,DraftKings,-16.5,-17.5,53.5,,-1000.0,650.0
2026-08-29T13:35:36.498311-04:00,cfbd,401864494,USC,San José State,DraftKings,-38.5,-35.5,60.5,,-100000.0,5000.0
2026-08-29T13:35:36.498311-04:00,cfbd,401864494,USC,San José State,Bovada,-38.5,-35.5,60.5,57.5,-100000.0,3500.0
2026-08-29T13:35:36.498311-04:00,cfbd,401858426,Iowa,Northern Illinois,Bovada,-32.0,-29.5,45.5,43.5,-100000.0,2500.0
2026-08-29T13:35:36.498311-04:00,cfbd,401858426,Iowa,Northern Illinois,DraftKings,-31.5,-29.5,45.5,,-100000.0,5000.0
2026-08-29T13:35:36.498311-04:00,cfbd,401856778,Houston,Oregon State,Bovada,-21.0,-18.5,51.5,51.5,-1300.0,725.0
2026-08-29T13:35:36.498311-04:00,cfbd,401856778,Houston,Oregon State,DraftKings,-20.5,-18.5,51.5,,-1800.0,1000.0
2026-08-29T13:35:36.498311-04:00,cfbd,401864495,Eastern Michigan,San José State,DraftKings,-4.5,-3.5,53.5,,-218.0,180.0
2026-08-29T13:35:36.498311-04:00,cfbd,401864495,Eastern Michigan,San José State,Bovada,-4.5,-3.5,53.5,53.5,-160.0,135.0
2026-08-29T13:35:36.498311-04:00,cfbd,401856780,West Virginia,Coastal Carolina,Bovada,-21.5,-17.5,56.0,57.5,-1725.0,-100000.0
2026-08-29T13:35:36.498311-04:00,cfbd,401856780,West Virginia,Coastal Carolina,DraftKings,-21.5,-17.5,56.5,,-1650.0,950.0
2026-08-29T13:35:36.498311-04:00,cfbd,401858204,Wake Forest,Akron,DraftKings,-24.5,-22.5,48.5,,-3600.0,1500.0
2026-08-29T13:35:36.498311-04:00,cfbd,401858204,Wake Forest,Akron,Bovada,-24.0,-22.5,48.5,49.5,-3500.0,1100.0
2026-08-29T13:35:36.498311-04:00,cfbd,401858207,Pittsburgh,Miami (OH),Bovada,-16.0,-16.5,49.5,50.5,-800.0,525.0
2026-08-29T13:35:36.498311-04:00,cfbd,401858207,Pittsburgh,Miami (OH),DraftKings,-16.5,-16.5,49.5,,-850.0,575.0
2026-08-29T13:35:36.498311-04:00,cfbd,401858429,Michigan State,Toledo,DraftKings,-10.0,-10.5,49.5,,-395.0,310.0
2026-08-29T13:35:36.498311-04:00,cfbd,401858429,Michigan State,Toledo,Bovada,-10.0,-10.5,49.5,49.5,-410.0,305.0
2026-08-29T13:35:36.498311-04:00,cfbd,401862695,Memphis,Arkansas State,Bovada,-8.5,-10.5,55.5,55.5,-440.0,330.0
2026-08-29T13:35:36.498311-04:00,cfbd,401862695,Memphis,Arkansas State,DraftKings,-8.5,-10.5,55.5,,-310.0,250.0
2026-08-29T13:35:36.498311-04:00,cfbd,401856660,LSU,Clemson,Bovada,-10.5,-11.5,51.0,51.5,-480.0,350.0
2026-08-29T13:35:36.498311-04:00,cfbd,401856660,LSU,Clemson,DraftKings,-10.5,,51.5,,-380.0,300.0
2026-08-29T13:35:36.498311-04:00,cfbd,401858432,Ohio State,Ball State,Bovada,-51.0,-50.5,56.5,56.5,,
2026-08-29T13:35:36.498311-04:00,cfbd,401858432,Ohio State,Ball State,DraftKings,-50.5,-49.5,56.5,,,
2026-08-29T13:35:36.498311-04:00,cfbd,401856668,Texas A&M,Missouri State,Bovada,-40.5,-38.5,52.5,52.5,,
2026-08-29T13:35:36.498311-04:00,cfbd,401856668,Texas A&M,Missouri State,DraftKings,-41.5,-38.5,52.5,,,
2026-08-29T13:35:36.498311-04:00,cfbd,401856664,Oklahoma,UTEP,Bovada,-40.5,-40.5,50.5,50.5,,
2026-08-29T13:35:36.498311-04:00,cfbd,401856664,Oklahoma,UTEP,DraftKings,-41.5,-40.5,50.5,,,
2026-08-29T18:08:10.789659-04:00,cfbd,401856779,Iowa State,Southeast Missouri State,DraftKings,-29.5,-29.5,53.5,53.5,-20000.0,3500.0
2026-08-29T18:08:10.789659-04:00,cfbd,401856658,Georgia,Tennessee State,DraftKings,-47.5,-46.5,55.5,56.5,,
2026-08-29T18:08:10.789659-04:00,cfbd,401866410,Bowling Green,Tarleton State,DraftKings,-2.5,-2.5,47.5,47.5,-135.0,114.0
2026-08-29T18:08:10.789659-04:00,cfbd,401869960,James Madison,Liberty,DraftKings,-6.5,-6.0,52.5,,-245.0,200.0
2026-08-29T18:08:10.789659-04:00,cfbd,401869960,James Madison,Liberty,Bovada,-6.5,-6.0,53.0,50.5,-250.0,210.0
2026-08-29T18:08:10.789659-04:00,cfbd,401856666,Tennessee,Furman,DraftKings,-46.5,-46.5,66.5,66.5,,
2026-08-29T18:08:10.789659-04:00,cfbd,401856777,Cincinnati,Boston College,DraftKings,-7.5,-9.5,51.5,,-310.0,250.0
2026-08-29T18:08:10.789659-04:00,cfbd,401856777,Cincinnati,Boston College,Bovada,-7.5,-9.5,52.0,54.5,-270.0,220.0
2026-08-29T18:08:10.789659-04:00,cfbd,401856635,Arkansas,North Alabama,DraftKings,-40.5,-40.5,63.5,63.5,,
2026-08-29T18:08:10.789659-04:00,cfbd,401856767,UCF,Bethune-Cookman,DraftKings,-42.5,-41.5,59.5,,,
2026-08-29T18:08:10.789659-04:00,cfbd,401858208,Syracuse,New Hampshire,DraftKings,-32.5,-32.5,55.5,55.5,-100000.0,5000.0
2026-08-29T18:08:10.789659-04:00,cfbd,401862701,Army,Bryant,DraftKings,-36.5,-36.5,51.5,,,
2026-08-29T18:08:10.789659-04:00,cfbd,401861962,UConn,Lafayette,DraftKings,-19.5,-19.5,58.5,58.5,-1100.0,700.0
2026-08-29T18:08:10.789659-04:00,cfbd,401864496,Air Force,Duquesne,DraftKings,-30.5,-30.5,58.5,58.5,-100000.0,5000.0
2026-08-29T18:08:10.789659-04:00,cfbd,401856659,Kentucky,Youngstown State,DraftKings,-23.5,-23.5,62.5,62.5,-4000.0,1600.0
2026-08-29T18:08:10.789659-04:00,cfbd,401862698,Temple,Rhode Island,DraftKings,-10.5,-10.0,51.5,51.5,-550.0,410.0
2026-08-29T18:08:10.789659-04:00,cfbd,401864425,Kennesaw State,West Georgia,DraftKings,-22.5,-22.5,51.5,51.5,-3600.0,1500.0
2026-08-29T18:08:10.789659-04:00,cfbd,401856663,Missouri,Arkansas-Pine Bluff,DraftKings,-54.5,-54.5,60.5,60.5,,
2026-08-29T18:08:10.789659-04:00,cfbd,401856769,Kansas,Long Island University,DraftKings,-38.5,-38.5,53.5,53.5,,
2026-08-29T18:08:10.789659-04:00,cfbd,401864424,Delaware,Merrimack,DraftKings,-28.5,-28.5,55.5,55.5,-20000.0,3500.0
2026-08-29T18:08:10.789659-04:00,cfbd,401858435,Purdue,Indiana State,DraftKings,-35.5,-34.5,56.5,56.5,,
2026-08-29T18:08:10.789659-04:00,cfbd,401862696,Navy,Towson,DraftKings,-30.5,-30.5,53.5,53.5,-20000.0,3500.0
2026-08-29T18:08:10.789659-04:00,cfbd,401862694,Charlotte,The Citadel,DraftKings,-15.5,-15.5,46.5,46.5,-1100.0,700.0
2026-08-29T18:08:10.789659-04:00,cfbd,401858422,Minnesota,Eastern Illinois,DraftKings,-43.5,-43.5,51.5,,,
2026-08-29T18:08:10.789659-04:00,cfbd,401866623,Georgia State,North Carolina A&T,DraftKings,-28.5,-28.5,63.5,63.5,-4500.0,1700.0
2026-08-29T18:08:10.789659-04:00,cfbd,401866409,Buffalo,UAlbany,DraftKings,-24.5,-24.5,48.5,48.5,-5000.0,1800.0
2026-08-29T18:08:10.789659-04:00,cfbd,401862700,UTSA,UT Rio Grande Valley,DraftKings,-28.5,-28.5,59.5,59.5,-9000.0,2500.0
2026-08-29T18:08:10.789659-04:00,cfbd,401864499,North Dakota State,Fordham,DraftKings,-39.5,-39.5,57.5,57.5,,
2026-08-29T18:08:10.789659-04:00,cfbd,401866627,App State,Maine,DraftKings,-18.5,-17.5,53.5,53.5,-800.0,550.0
2026-08-29T18:08:10.789659-04:00,cfbd,401868356,Southern Miss,Alcorn State,DraftKings,-21.0,-21.0,50.5,50.5,-2800.0,1300.0
2026-08-29T18:08:10.789659-04:00,cfbd,401867973,Old Dominion,Norfolk State,DraftKings,-41.5,-41.5,55.5,55.5,,
2026-08-29T18:08:10.789659-04:00,cfbd,401856770,Texas Tech,Abilene Christian,DraftKings,-42.5,-42.5,59.5,59.5,,
2026-08-29T18:08:10.789659-04:00,cfbd,401856771,Kansas State,Nicholls,DraftKings,-40.5,-40.5,55.5,55.5,,
2026-08-29T18:08:10.789659-04:00,cfbd,401858211,Virginia Tech,VMI,DraftKings,-50.5,-50.5,57.5,57.5,,
2026-08-29T18:08:10.789659-04:00,cfbd,401869129,Louisiana Tech,Northwestern State,DraftKings,-41.5,-41.5,52.5,52.5,,
2026-08-29T18:08:10.789659-04:00,cfbd,401856775,BYU,Utah Tech,DraftKings,-47.5,-47.5,54.5,54.5,,
2026-08-29T18:08:10.789659-04:00,cfbd,401858427,Maryland,Hampton,DraftKings,-45.5,-45.5,56.5,56.5,,
2026-08-29T18:08:10.789659-04:00,cfbd,401856773,Arizona,Northern Arizona,DraftKings,-31.5,-31.5,56.5,56.5,-10000.0,3000.0
2026-08-29T18:08:10.789659-04:00,cfbd,401856774,Arizona State,Morgan State,DraftKings,-41.5,-41.5,52.5,52.5,,
2026-08-29T18:08:10.789659-04:00,cfbd,401866411,Sacramento State,Mississippi Valley State,DraftKings,-35.5,-35.5,56.5,56.5,,
2026-08-29T18:08:10.789659-04:00,cfbd,401860879,San Diego State,Portland State,DraftKings,-40.5,-38.5,57.5,57.5,,
2026-08-29T18:08:10.789659-04:00,cfbd,401869142,Louisiana,Lamar,DraftKings,-20.5,-18.5,48.5,48.5,-1000.0,650.0
2026-08-29T18:08:10.789659-04:00,cfbd,401856669,Vanderbilt,Austin Peay,DraftKings,-30.5,-30.5,61.5,61.5,-100000.0,5000.0
2026-08-29T18:08:10.789659-04:00,cfbd,401868316,South Alabama,SE Louisiana,DraftKings,-12.5,-12.5,52.5,52.5,-600.0,440.0
2026-08-29T18:08:10.789659-04:00,cfbd,401867866,Middle Tennessee,Murray State,DraftKings,-20.5,-20.5,59.5,59.5,-1650.0,950.0
2026-08-29T18:08:10.789659-04:00,cfbd,401868140,Jacksonville State,Eastern Kentucky,DraftKings,-19.5,-19.5,52.5,52.5,-2100.0,1100.0
2026-08-29T18:08:10.789659-04:00,cfbd,401868170,Georgia Southern,Charleston Southern,DraftKings,-25.5,-25.5,51.5,51.5,-4500.0,1700.0
2026-08-29T18:08:10.789659-04:00,cfbd,401862697,Rice,Houston Christian,DraftKings,-24.5,-24.5,47.5,47.5,-1800.0,1000.0
2026-08-29T18:08:10.789659-04:00,cfbd,401858431,Northwestern,South Dakota State,DraftKings,-12.5,-12.5,46.5,46.5,-700.0,500.0
2026-08-29T18:08:10.789659-04:00,cfbd,401860880,Utah State,Idaho State,DraftKings,-12.5,-11.5,63.5,64.5,-550.0,410.0
2026-08-29T18:08:10.789659-04:00,cfbd,401870790,New Mexico State,Mercyhurst,DraftKings,-24.5,-24.5,50.5,50.5,-4500.0,1700.0
2026-08-29T18:08:10.789659-04:00,cfbd,401858423,Rutgers,Massachusetts,Bovada,-29.0,-30.5,53.0,54.5,,
2026-08-29T18:08:10.789659-04:00,cfbd,401858423,Rutgers,Massachusetts,DraftKings,-29.5,-30.5,52.5,,-9000.0,2500.0
2026-08-29T18:08:10.789659-04:00,cfbd,401856768,Utah,Idaho,DraftKings,-33.5,-32.5,56.5,56.5,-20000.0,3500.0
2026-08-29T18:08:10.789659-04:00,cfbd,401867894,Youngstown State,Mercyhurst,Draft Kings,-30.5,,57.5,,,
2026-08-29T18:08:10.789659-04:00,cfbd,401868129,Northern Colorado,Weber State,DraftKings,-3.0,-3.5,50.5,49.5,-161.0,129.0
2026-08-29T18:08:10.789659-04:00,cfbd,401868129,Northern Colorado,Weber State,Draft Kings,-3.0,,50.5,,,
2026-08-29T18:08:10.789659-04:00,cfbd,401866617,Merrimack,Rhode Island,DraftKings,20.5,20.5,47.5,53.5,890.0,-1960.0
2026-08-29T18:08:10.789659-04:00,cfbd,401866617,Merrimack,Rhode Island,Draft Kings,21.0,,47.5,,,
2026-08-29T18:08:10.789659-04:00,cfbd,401868324,Alabama State,Southern,DraftKings,-19.5,-19.5,56.5,56.5,-1760.0,830.0
2026-08-29T18:08:10.789659-04:00,cfbd,401866616,UAlbany,New Hampshire,DraftKings,10.0,11.5,46.5,45.5,268.0,-357.0
2026-08-29T18:08:10.789659-04:00,cfbd,401866616,UAlbany,New Hampshire,Draft Kings,10.0,,46.5,,,
2026-08-29T18:08:10.789659-04:00,cfbd,401868040,Villanova,William & Mary,DraftKings,-12.5,-11.5,47.5,50.5,-700.0,462.0
2026-08-29T18:08:10.789659-04:00,cfbd,401868040,Villanova,William & Mary,Draft Kings,-12.5,,47.5,,,
2026-08-29T18:08:10.789659-04:00,cfbd,401867882,South Dakota,Central Connecticut,DraftKings,-21.5,-22.5,49.5,53.5,-3900.0,1180.0
2026-08-29T18:08:10.789659-04:00,cfbd,401867882,South Dakota,Central Connecticut,Draft Kings,-20.5,,49.5,,,
2026-08-29T18:08:10.789659-04:00,cfbd,401867916,Wagner,Robert Morris,DraftKings,-5.5,-5.5,40.5,39.5,-223.0,176.0
2026-08-29T18:08:10.789659-04:00,cfbd,401867916,Wagner,Robert Morris,Draft Kings,-5.5,,40.5,,,
2026-08-29T18:08:10.789659-04:00,cfbd,401858212,Florida State,SMU,DraftKings,2.5,,52.5,,124.0,-148.0
2026-08-29T18:08:10.789659-04:00,cfbd,401858212,Florida State,SMU,Bovada,2.0,2.5,53.0,52.5,120.0,-140.0
2026-08-29T18:08:10.789659-04:00,cfbd,401858436,USC,Fresno State,DraftKings,-23.5,-23.5,51.5,,-3200.0,1400.0
2026-08-29T18:08:10.789659-04:00,cfbd,401858436,USC,Fresno State,Bovada,-23.5,-23.0,51.5,51.5,-3500.0,-100000.0
2026-08-29T18:08:10.789659-04:00,cfbd,401858201,Stanford,Hawai'i,DraftKings,-4.5,-3.0,48.5,,-198.0,164.0
2026-08-29T18:08:10.789659-04:00,cfbd,401858201,Stanford,Hawai'i,Bovada,-4.5,-3.0,48.5,50.5,-170.0,145.0
2026-08-29T18:08:10.789659-04:00,cfbd,401858437,Washington,Washington State,DraftKings,-23.5,-21.5,50.5,,-2800.0,1300.0
2026-08-29T18:08:10.789659-04:00,cfbd,401858437,Washington,Washington State,Bovada,-23.5,-21.5,51.0,50.5,-2200.0,1000.0
2026-08-29T18:08:10.789659-04:00,cfbd,401858206,Stanford,Miami,DraftKings,24.5,21.5,48.5,,1600.0,-4000.0
2026-08-29T18:08:10.789659-04:00,cfbd,401858206,Stanford,Miami,Bovada,24.5,21.5,47.5,48.5,-100000.0,-2500.0
2026-08-29T18:08:10.789659-04:00,cfbd,401866620,East Tennessee State,Campbell,DraftKings,-7.0,-7.0,56.5,55.5,-267.0,207.0
2026-08-29T18:08:10.789659-04:00,cfbd,401868101,Idaho State,VMI,DraftKings,-34.5,-34.5,53.5,60.5,,
2026-08-29T18:08:10.789659-04:00,cfbd,401866621,Tennessee Tech,Monmouth,DraftKings,-8.5,-8.5,58.5,58.5,-340.0,257.0
2026-08-29T18:08:10.789659-04:00,cfbd,401858425,Indiana,North Texas,DraftKings,-40.5,-40.5,55.5,,,
2026-08-29T18:08:10.789659-04:00,cfbd,401858425,Indiana,North Texas,Bovada,-41.0,-40.5,55.5,55.5,,
2026-08-29T18:08:10.789659-04:00,cfbd,401856776,Georgia Tech,Colorado,DraftKings,-6.5,-7.0,50.5,,-238.0,195.0
2026-08-29T18:08:10.789659-04:00,cfbd,401856776,Georgia Tech,Colorado,Bovada,-6.5,-7.0,51.0,51.5,-290.0,240.0
2026-08-29T18:08:10.789659-04:00,cfbd,401866619,Stonehill,Bryant,DraftKings,4.5,4.5,45.5,44.5,153.0,-192.0
2026-08-29T18:08:10.789659-04:00,cfbd,401868394,Wofford,The Citadel,DraftKings,-7.5,-8.5,45.5,45.5,-415.0,305.0
2026-08-29T18:08:10.789659-04:00,cfbd,401858209,Duke,Tulane,DraftKings,-9.5,-8.5,50.5,,-380.0,300.0
2026-08-29T18:08:10.789659-04:00,cfbd,401858209,Duke,Tulane,Bovada,-8.5,-8.5,51.0,53.5,-480.0,350.0
2026-08-29T18:08:10.789659-04:00,cfbd,401856667,Texas,Texas State,DraftKings,-30.5,-30.5,59.5,,-10000.0,3000.0
2026-08-29T18:08:10.789659-04:00,cfbd,401856667,Texas,Texas State,Bovada,-30.5,-30.5,60.0,59.5,-10000.0,-100000.0
2026-08-29T18:08:10.789659-04:00,cfbd,401868084,Northern Arizona,Eastern Washington,DraftKings,-5.5,-3.0,55.5,56.5,-242.0,189.0
2026-08-29T18:08:10.789659-04:00,cfbd,401868022,Holy Cross,Lehigh,DraftKings,14.0,14.0,47.5,47.5,509.0,-800.0
2026-08-29T18:08:10.789659-04:00,cfbd,401867855,Indiana State,Southeast Missouri State,DraftKings,-2.5,-2.5,52.5,52.5,-143.0,115.0
2026-08-29T18:08:10.789659-04:00,cfbd,401866618,North Carolina A&T,Morgan State,DraftKings,7.0,8.5,49.5,50.5,210.0,-270.0
2026-08-29T18:08:10.789659-04:00,cfbd,401858202,Virginia,NC State,Bovada,-4.0,-3.5,50.5,54.5,-145.0,125.0
2026-08-29T18:08:10.789659-04:00,cfbd,401858202,Virginia,NC State,DraftKings,-4.0,,50.5,,-185.0,154.0
2026-08-29T18:08:10.789659-04:00,cfbd,401862693,UNLV,Memphis,DraftKings,-4.0,-3.0,55.5,,-198.0,164.0
2026-08-29T18:08:10.789659-04:00,cfbd,401862693,UNLV,Memphis,Bovada,-4.0,-3.0,56.0,60.5,-170.0,145.0
2026-08-29T18:08:10.789659-04:00,cfbd,401867977,Texas Southern,North Carolina Central,DraftKings,10.5,11.5,51.5,51.5,328.0,-453.0
2026-08-29T18:08:10.789659-04:00,cfbd,401856772,Tulsa,Oklahoma State,DraftKings,14.0,11.5,60.5,,440.0,-600.0
2026-08-29T18:08:10.789659-04:00,cfbd,401856772,Tulsa,Oklahoma State,Bovada,13.5,11.5,60.0,61.5,390.0,-550.0
2026-08-29T18:08:10.789659-04:00,cfbd,401867988,Richmond,Bucknell,DraftKings,-12.5,-10.5,48.5,49.5,-620.0,420.0
2026-08-29T18:08:10.789659-04:00,cfbd,401868049,Lamar,Abilene Christian,DraftKings,7.5,7.5,49.5,49.5,232.0,-303.0
2026-08-29T18:08:10.789659-04:00,cfbd,401867935,Howard,Alabama A&M,DraftKings,-1.5,-2.5,46.5,46.5,-124.0,100.0
2026-08-29T18:08:10.789659-04:00,cfbd,401868110,Montana,Southern Utah,DraftKings,-15.5,-16.5,59.5,58.5,-1080.0,620.0
2026-08-29T18:08:10.789659-04:00,cfbd,401868235,Tarleton State,Prairie View A&M,DraftKings,-19.5,-21.5,54.5,54.5,-1540.0,770.0
2026-08-29T18:08:10.789659-04:00,cfbd,401874042,Mercer,East Texas A&M,DraftKings,-22.5,-23.5,57.5,60.5,-3200.0,1100.0
2026-08-29T18:08:10.789659-04:00,cfbd,401868139,Western Carolina,Eastern Kentucky,DraftKings,-3.0,-4.5,54.5,50.5,-152.0,122.0
2026-08-29T18:08:10.789659-04:00,cfbd,401872615,South Dakota State,Stetson,DraftKings,-50.5,-47.5,58.5,56.5,,
2026-08-29T18:08:10.789659-04:00,cfbd,401868149,North Alabama,Samford,DraftKings,-7.0,-7.5,55.5,55.5,-313.0,239.0
2026-08-29T18:08:10.789659-04:00,cfbd,401868305,McNeese,Stephen F. Austin,DraftKings,12.5,13.5,49.5,49.5,328.0,-453.0
2026-08-29T18:08:10.789659-04:00,cfbd,401868118,Utah Tech,Montana State,DraftKings,32.5,31.5,57.5,56.5,,
2026-08-29T18:08:10.789659-04:00,cfbd,401868240,West Georgia,Chattanooga,Draft Kings,3.5,,50.5,,,
2026-08-29T18:08:10.789659-04:00,cfbd,401866532,Towson,Maine,Draft Kings,-2.5,,46.5,,,
2026-08-29T18:08:10.789659-04:00,cfbd,401866615,Delaware State,Stony Brook,Draft Kings,4.5,,50.5,,,
2026-08-29T18:08:10.789659-04:00,cfbd,401868315,SE Louisiana,Houston Christian,Draft Kings,-24.5,,51.5,,,
2026-08-29T18:08:10.789659-04:00,cfbd,401867865,Murray State,Eastern Illinois,Draft Kings,-4.5,,49.5,,,
2026-08-29T18:08:10.789659-04:00,cfbd,401868169,Lindenwood,Charleston Southern,Draft Kings,-7.5,,45.5,,,
2026-08-29T18:08:10.789659-04:00,cfbd,401868962,Nicholls,Mississippi Valley State,Draft Kings,-28.5,,51.5,,,
2026-08-29T18:08:10.789659-04:00,cfbd,401874035,West Florida,Southern Illinois,Draft Kings,19.5,,55.5,,,
2026-08-29T18:08:10.789659-04:00,cfbd,401868060,Austin Peay,Gardner-Webb,Draft Kings,-14.5,,59.5,,,
2026-08-29T18:08:10.789659-04:00,cfbd,401868070,UT Martin,Central Arkansas,Draft Kings,-3.0,,50.5,,,
2026-08-29T18:08:10.789659-04:00,cfbd,401867874,North Dakota,Long Island University,Draft Kings,-27.5,,44.5,,,
2026-08-29T18:08:10.789659-04:00,cfbd,401868154,Portland State,UC Davis,DraftKings,25.5,24.5,60.5,62.5,1300.0,-5400.0
2026-08-29T18:08:10.789659-04:00,cfbd,401868194,Tennessee State,Jackson State,DraftKings,12.5,15.5,49.5,49.5,435.0,-650.0
2026-08-29T18:08:10.789659-04:00,cfbd,401856766,TCU,North Carolina,Draft Kings,-7.5,,46.5,,,
2026-08-29T18:08:10.789659-04:00,cfbd,401856766,TCU,North Carolina,DraftKings,-7.5,,46.5,,-310.0,250.0
2026-08-29T18:08:10.789659-04:00,cfbd,401856766,TCU,North Carolina,Bovada,-7.5,-7.5,46.0,50.5,-235.0,195.0
2026-08-29T18:08:10.789659-04:00,cfbd,401868261,New Haven,Marist,DraftKings,-2.5,1.5,46.5,44.5,-145.0,116.0
2026-08-29T18:08:10.789659-04:00,cfbd,401868261,New Haven,Marist,Draft Kings,-2.5,,46.5,,,
2026-08-29T18:08:10.789659-04:00,cfbd,401868007,Fordham,Colgate,DraftKings,8.5,10.0,55.5,50.5,242.0,-318.0
2026-08-29T18:08:10.789659-04:00,cfbd,401868007,Fordham,Colgate,Draft Kings,8.5,,55.5,,,
2026-08-29T18:08:10.789659-04:00,cfbd,401868073,Cal Poly,Idaho,DraftKings,5.5,3.5,53.5,55.5,172.0,-219.0
2026-08-29T18:08:10.789659-04:00,cfbd,401868073,Cal Poly,Idaho,Draft Kings,5.5,,53.5,,,
2026-08-29T18:08:10.789659-04:00,cfbd,401858428,Michigan,Western Michigan,Bovada,-27.5,-26.5,47.5,47.5,-100000.0,2200.0
2026-08-29T18:08:10.789659-04:00,cfbd,401858428,Michigan,Western Michigan,DraftKings,-27.5,-26.5,47.5,,-6500.0,2000.0
2026-08-29T18:08:10.789659-04:00,cfbd,401858424,Illinois,UAB,Bovada,-28.5,-27.5,57.0,56.5,-100000.0,2000.0
2026-08-29T18:08:10.789659-04:00,cfbd,401858424,Illinois,UAB,DraftKings,-28.5,-27.5,55.5,,-10000.0,3000.0
2026-08-29T18:08:10.789659-04:00,cfbd,401856634,Alabama,East Carolina,DraftKings,-28.5,-25.5,53.5,,-10000.0,3000.0
2026-08-29T18:08:10.789659-04:00,cfbd,401856634,Alabama,East Carolina,Bovada,-28.5,-25.5,54.0,53.5,-10000.0,1600.0
2026-08-29T18:08:10.789659-04:00,cfbd,401856662,Mississippi State,UL Monroe,Bovada,-28.5,-28.5,55.5,55.5,-100000.0,2000.0
2026-08-29T18:08:10.789659-04:00,cfbd,401856662,Mississippi State,UL Monroe,DraftKings,-28.5,-28.5,56.5,,-6500.0,2000.0
2026-08-29T18:08:10.789659-04:00,cfbd,401864498,New Mexico,Central Michigan,Bovada,-10.0,-12.5,47.0,49.0,-575.0,400.0
2026-08-29T18:08:10.789659-04:00,cfbd,401864498,New Mexico,Central Michigan,DraftKings,-10.5,-12.5,46.5,,-410.0,320.0
2026-08-29T18:08:10.789659-04:00,cfbd,401858433,Oregon,Boise State,DraftKings,-24.5,-24.5,51.5,,-4500.0,1700.0
2026-08-29T18:08:10.789659-04:00,cfbd,401858433,Oregon,Boise State,Bovada,-24.5,-24.5,52.0,53.5,-10000.0,1600.0
2026-08-29T18:08:10.789659-04:00,cfbd,401858430,Nebraska,Ohio,DraftKings,-23.5,-23.5,47.5,,-1800.0,1000.0
2026-08-29T18:08:10.789659-04:00,cfbd,401858430,Nebraska,Ohio,Bovada,-24.0,-23.5,47.5,47.5,-4000.0,1200.0
2026-08-29T18:08:10.789659-04:00,cfbd,401864432,Nevada,Western Kentucky,Bovada,2.5,4.0,53.0,53.5,120.0,-140.0
2026-08-29T18:08:10.789659-04:00,cfbd,401864432,Nevada,Western Kentucky,DraftKings,2.5,4.5,52.5,,110.0,-130.0
2026-08-29T18:08:10.789659-04:00,cfbd,401856636,Auburn,Baylor,DraftKings,-7.0,-6.5,59.5,,-298.0,240.0
2026-08-29T18:08:10.789659-04:00,cfbd,401856636,Auburn,Baylor,Bovada,-7.0,-7.5,59.0,58.5,-270.0,220.0
2026-08-29T18:08:10.789659-04:00,cfbd,401856661,Ole Miss,Louisville,Bovada,-6.5,-8.5,55.5,52.5,-270.0,220.0
2026-08-29T18:08:10.789659-04:00,cfbd,401856661,Ole Miss,Louisville,DraftKings,-6.5,,55.5,,-258.0,210.0
2026-08-29T18:08:10.789659-04:00,cfbd,401866408,Eastern Michigan,Sacramento State,DraftKings,-8.5,-8.5,52.5,,-355.0,280.0
2026-08-29T18:08:10.789659-04:00,cfbd,401866408,Eastern Michigan,Sacramento State,Bovada,-9.0,-8.5,53.0,52.5,-330.0,265.0
2026-08-29T18:08:10.789659-04:00,cfbd,401858434,Penn State,Marshall,Bovada,-24.5,-23.5,54.5,54.5,-3300.0,1100.0
2026-08-29T18:08:10.789659-04:00,cfbd,401858434,Penn State,Marshall,DraftKings,-24.5,-23.5,54.5,,-4000.0,1600.0
2026-08-29T18:08:10.789659-04:00,cfbd,401864497,Hawai'i,UNLV,Bovada,3.0,1.5,58.5,58.5,105.0,-125.0
2026-08-29T18:08:10.789659-04:00,cfbd,401864497,Hawai'i,UNLV,DraftKings,3.0,1.5,58.5,,130.0,-155.0
2026-08-29T18:08:10.789659-04:00,cfbd,401864494,USC,San José State,DraftKings,-37.5,-35.5,61.5,,-100000.0,5000.0
2026-08-29T18:08:10.789659-04:00,cfbd,401864494,USC,San José State,Bovada,-37.0,-35.5,60.5,57.5,-100000.0,3500.0
2026-08-29T18:08:10.789659-04:00,cfbd,401858438,Notre Dame,Wisconsin,Bovada,-20.5,-16.5,47.5,46.5,-2500.0,1000.0
2026-08-29T18:08:10.789659-04:00,cfbd,401858438,Notre Dame,Wisconsin,DraftKings,-20.5,,47.5,47.5,-1800.0,1000.0
2026-08-29T18:08:10.789659-04:00,cfbd,401864570,Florida State,New Mexico State,DraftKings,-30.5,-28.5,53.5,,-6500.0,2000.0
2026-08-29T18:08:10.789659-04:00,cfbd,401864570,Florida State,New Mexico State,Bovada,-31.0,-29.5,53.5,53.5,-100000.0,2800.0
2026-08-29T18:08:10.789659-04:00,cfbd,401860878,Colorado State,Wyoming,DraftKings,-3.5,-4.0,47.5,,-170.0,142.0
2026-08-29T18:08:10.789659-04:00,cfbd,401860878,Colorado State,Wyoming,Bovada,-3.5,-4.0,47.5,47.5,-180.0,155.0
2026-08-29T18:08:10.789659-04:00,cfbd,401862699,South Florida,Florida International,Bovada,-13.0,-12.5,54.0,54.5,-460.0,340.0
2026-08-29T18:08:10.789659-04:00,cfbd,401862699,South Florida,Florida International,DraftKings,-13.5,-12.5,53.5,,-575.0,425.0
2026-08-29T18:08:10.789659-04:00,cfbd,401856665,South Carolina,Kent State,Bovada,-36.5,-34.5,53.0,52.5,-100000.0,-100000.0
2026-08-29T18:08:10.789659-04:00,cfbd,401856665,South Carolina,Kent State,DraftKings,-36.5,-33.5,53.5,,-100000.0,5000.0
2026-08-29T18:08:10.789659-04:00,cfbd,401856637,Florida,Florida Atlantic,Bovada,-26.5,-25.5,59.5,56.5,-7000.0,1300.0
2026-08-29T18:08:10.789659-04:00,cfbd,401856637,Florida,Florida Atlantic,DraftKings,-27.5,-25.5,59.5,,-5000.0,1800.0
2026-08-29T18:08:10.789659-04:00,cfbd,401858210,California,UCLA,Bovada,2.0,-3.5,54.0,53.5,-115.0,-105.0
2026-08-29T18:08:10.789659-04:00,cfbd,401858210,California,UCLA,DraftKings,1.5,-1.5,53.5,,100.0,-120.0
2026-08-29T18:08:10.789659-04:00,cfbd,401870763,Troy,Sam Houston,Bovada,-17.0,-17.0,53.0,50.5,-1300.0,725.0
2026-08-29T18:08:10.789659-04:00,cfbd,401870763,Troy,Sam Houston,DraftKings,-16.5,-17.5,53.5,,-1000.0,650.0
2026-08-29T18:08:10.789659-04:00,cfbd,401858426,Iowa,Northern Illinois,Bovada,-32.0,-29.5,45.5,43.5,-100000.0,2500.0
2026-08-29T18:08:10.789659-04:00,cfbd,401858426,Iowa,Northern Illinois,DraftKings,-31.5,-29.5,45.5,,-100000.0,5000.0
2026-08-29T18:08:10.789659-04:00,cfbd,401864577,North Dakota State,Jacksonville State,Bovada,-7.0,-10.0,46.5,48.5,-330.0,265.0
2026-08-29T18:08:10.789659-04:00,cfbd,401864577,North Dakota State,Jacksonville State,DraftKings,-6.5,-10.0,46.5,,-265.0,215.0
2026-08-29T18:08:10.789659-04:00,cfbd,401856778,Houston,Oregon State,Bovada,-21.0,-18.5,51.5,51.5,-1300.0,725.0
2026-08-29T18:08:10.789659-04:00,cfbd,401856778,Houston,Oregon State,DraftKings,-20.5,-18.5,51.5,,-1800.0,1000.0
2026-08-29T18:08:10.789659-04:00,cfbd,401864495,Eastern Michigan,San José State,DraftKings,-4.5,-3.5,53.5,,-218.0,180.0
2026-08-29T18:08:10.789659-04:00,cfbd,401864495,Eastern Michigan,San José State,Bovada,-4.5,-3.5,53.5,53.5,-160.0,135.0
2026-08-29T18:08:10.789659-04:00,cfbd,401858204,Wake Forest,Akron,DraftKings,-24.5,-22.5,48.5,,-3600.0,1500.0
2026-08-29T18:08:10.789659-04:00,cfbd,401858204,Wake Forest,Akron,Bovada,-24.0,-22.5,48.5,49.5,-3500.0,1100.0
2026-08-29T18:08:10.789659-04:00,cfbd,401856780,West Virginia,Coastal Carolina,Bovada,-21.5,-17.5,56.0,57.5,-1725.0,-100000.0
2026-08-29T18:08:10.789659-04:00,cfbd,401856780,West Virginia,Coastal Carolina,DraftKings,-21.5,-17.5,56.5,,-1650.0,950.0
2026-08-29T18:08:10.789659-04:00,cfbd,401858207,Pittsburgh,Miami (OH),Bovada,-16.0,-16.5,49.5,50.5,-800.0,525.0
2026-08-29T18:08:10.789659-04:00,cfbd,401858207,Pittsburgh,Miami (OH),DraftKings,-16.5,-16.5,49.5,,-850.0,575.0
2026-08-29T18:08:10.789659-04:00,cfbd,401858429,Michigan State,Toledo,DraftKings,-10.0,-10.5,49.5,,-395.0,310.0
2026-08-29T18:08:10.789659-04:00,cfbd,401858429,Michigan State,Toledo,Bovada,-10.0,-10.5,49.5,49.5,-410.0,305.0
2026-08-29T18:08:10.789659-04:00,cfbd,401862695,Memphis,Arkansas State,Bovada,-8.5,-10.5,55.5,55.5,-440.0,330.0
2026-08-29T18:08:10.789659-04:00,cfbd,401862695,Memphis,Arkansas State,DraftKings,-8.5,-10.5,55.5,,-310.0,250.0
2026-08-29T18:08:10.789659-04:00,cfbd,401856660,LSU,Clemson,Bovada,-10.5,-11.5,51.0,51.5,-480.0,350.0
2026-08-29T18:08:10.789659-04:00,cfbd,401856660,LSU,Clemson,DraftKings,-10.5,,51.5,,-380.0,300.0
2026-08-29T18:08:10.789659-04:00,cfbd,401858432,Ohio State,Ball State,Bovada,-51.0,-50.5,56.5,56.5,,
2026-08-29T18:08:10.789659-04:00,cfbd,401858432,Ohio State,Ball State,DraftKings,-50.5,-49.5,56.5,,,
2026-08-29T18:08:10.789659-04:00,cfbd,401856668,Texas A&M,Missouri State,Bovada,-40.5,-38.5,52.5,52.5,,
2026-08-29T18:08:10.789659-04:00,cfbd,401856668,Texas A&M,Missouri State,DraftKings,-41.5,-38.5,52.5,,,
2026-08-29T18:08:10.789659-04:00,cfbd,401856664,Oklahoma,UTEP,Bovada,-40.5,-40.5,50.5,50.5,,
2026-08-29T18:08:10.789659-04:00,cfbd,401856664,Oklahoma,UTEP,DraftKings,-41.5,-40.5,50.5,,,
2026-09-02T18:20:05.228788-04:00,cfbd,401858423,Rutgers,Massachusetts,Bovada,-29.0,-30.5,52.5,54.5,,
2026-09-02T18:20:05.228788-04:00,cfbd,401858423,Rutgers,Massachusetts,DraftKings,-29.5,-30.5,51.5,,-6500.0,2000.0
2026-09-02T19:22:37.961988-04:00,cfbd,401856767,UCF,Bethune-Cookman,DraftKings,-42.5,-41.5,58.5,,,
2026-09-02T19:22:37.961988-04:00,cfbd,401864425,Kennesaw State,West Georgia,DraftKings,-22.5,-22.5,51.5,51.5,-4000.0,1600.0
2026-09-02T19:22:37.961988-04:00,cfbd,401866409,Buffalo,UAlbany,DraftKings,-18.5,-24.5,48.5,48.5,-1200.0,750.0
2026-09-02T19:22:37.961988-04:00,cfbd,401864424,Delaware,Merrimack,DraftKings,-28.5,-28.5,55.5,55.5,-20000.0,3500.0
2026-09-02T19:22:37.961988-04:00,cfbd,401858423,Rutgers,Massachusetts,Bovada,-29.0,-30.5,52.0,54.5,,
2026-09-02T19:22:37.961988-04:00,cfbd,401858423,Rutgers,Massachusetts,DraftKings,-29.5,-30.5,51.5,,-6500.0,2000.0
2026-09-02T19:22:37.961988-04:00,cfbd,401866622,Stony Brook,Lindenwood,DraftKings,-4.0,-4.0,50.5,50.5,-180.0,144.0
2026-09-02T19:22:37.961988-04:00,cfbd,401867889,Samford,Southern Illinois,DraftKings,24.5,24.5,49.5,49.5,1200.0,-4000.0
2026-09-02T19:22:37.961988-04:00,cfbd,401858204,Wake Forest,Akron,DraftKings,-24.5,-22.5,48.5,,-3200.0,1400.0
2026-09-02T19:22:37.961988-04:00,cfbd,401858204,Wake Forest,Akron,Bovada,-25.0,-22.5,48.5,49.5,-3500.0,1100.0
2026-09-03T13:21:18.045821-04:00,cfbd,401856767,UCF,Bethune-Cookman,DraftKings,-43.5,-41.5,57.5,,,
2026-09-03T13:21:18.045821-04:00,cfbd,401866409,Buffalo,UAlbany,DraftKings,-18.5,-24.5,47.5,48.5,-1000.0,650.0
2026-09-03T13:21:18.045821-04:00,cfbd,401858422,Minnesota,Eastern Illinois,DraftKings,-42.5,-43.5,52.5,,,
2026-09-03T13:21:18.045821-04:00,cfbd,401864424,Delaware,Merrimack,DraftKings,-31.5,-28.5,56.5,55.5,-50000.0,4000.0
2026-09-03T13:21:18.045821-04:00,cfbd,401864425,Kennesaw State,West Georgia,DraftKings,-22.5,-22.5,50.5,51.5,-3600.0,1500.0
2026-09-03T13:21:18.045821-04:00,cfbd,401856663,Missouri,Arkansas-Pine Bluff,DraftKings,-55.5,-54.5,62.5,60.5,,
2026-09-03T13:21:18.045821-04:00,cfbd,401858423,Rutgers,Massachusetts,Bovada,-29.0,-30.5,53.0,54.5,,
2026-09-03T13:21:18.045821-04:00,cfbd,401858423,Rutgers,Massachusetts,DraftKings,-29.5,-30.5,53.5,,-6500.0,2000.0
2026-09-03T13:21:18.045821-04:00,cfbd,401856768,Utah,Idaho,DraftKings,-36.5,-32.5,59.5,56.5,-100000.0,5000.0
2026-09-03T13:21:18.045821-04:00,cfbd,401856776,Georgia Tech,Colorado,DraftKings,-6.5,-7.0,51.5,,-238.0,195.0
2026-09-03T13:21:18.045821-04:00,cfbd,401856776,Georgia Tech,Colorado,Bovada,-6.5,-7.0,51.5,51.5,-290.0,240.0
2026-09-03T13:21:18.045821-04:00,cfbd,401867889,Samford,Southern Illinois,DraftKings,21.5,24.5,53.5,49.5,960.0,-2300.0
2026-09-03T13:21:18.045821-04:00,cfbd,401858424,Illinois,UAB,Bovada,-27.5,-27.5,54.5,56.5,-8000.0,1400.0
2026-09-03T13:21:18.045821-04:00,cfbd,401858424,Illinois,UAB,DraftKings,-27.5,-27.5,54.5,,-4500.0,1700.0
2026-09-03T13:21:18.045821-04:00,cfbd,401866622,Stony Brook,Lindenwood,DraftKings,-4.0,-4.0,50.5,50.5,-189.0,150.0
2026-09-03T13:21:18.045821-04:00,cfbd,401858204,Wake Forest,Akron,Bovada,-27.5,-22.5,50.5,49.5,-3500.0,1100.0
2026-09-03T13:21:18.045821-04:00,cfbd,401858204,Wake Forest,Akron,DraftKings,-27.5,-22.5,50.5,,-2800.0,1300.0
2026-09-03T18:15:40.777509-04:00,cfbd,401856767,UCF,Bethune-Cookman,DraftKings,-43.5,-41.5,58.5,,,
2026-09-03T18:15:40.777509-04:00,cfbd,401866409,Buffalo,UAlbany,DraftKings,-18.5,-24.5,47.5,48.5,-1000.0,650.0
2026-09-03T18:15:40.777509-04:00,cfbd,401856663,Missouri,Arkansas-Pine Bluff,DraftKings,-55.5,-54.5,61.5,60.5,,
2026-09-03T18:15:40.777509-04:00,cfbd,401858422,Minnesota,Eastern Illinois,DraftKings,-42.5,-43.5,52.5,,,
2026-09-03T18:15:40.777509-04:00,cfbd,401864424,Delaware,Merrimack,DraftKings,-31.5,-28.5,56.5,55.5,-8000.0,2200.0
2026-09-03T18:15:40.777509-04:00,cfbd,401864425,Kennesaw State,West Georgia,DraftKings,-22.5,-22.5,50.5,51.5,-3600.0,1500.0
2026-09-03T18:15:40.777509-04:00,cfbd,401856768,Utah,Idaho,DraftKings,-37.5,-32.5,59.5,56.5,-100000.0,5000.0
2026-09-03T18:15:40.777509-04:00,cfbd,401856776,Georgia Tech,Colorado,DraftKings,-6.5,-7.0,52.5,,-238.0,195.0
2026-09-03T18:15:40.777509-04:00,cfbd,401856776,Georgia Tech,Colorado,Bovada,-6.5,-7.0,52.5,51.5,-290.0,240.0
2026-09-03T18:15:40.777509-04:00,cfbd,401858424,Illinois,UAB,Bovada,-26.5,-27.5,54.5,56.5,-8000.0,1400.0
2026-09-03T18:15:40.777509-04:00,cfbd,401858424,Illinois,UAB,DraftKings,-26.5,-27.5,54.5,,-4500.0,1700.0
2026-09-03T18:15:40.777509-04:00,cfbd,401867889,Samford,Southern Illinois,DraftKings,20.5,24.5,54.5,49.5,730.0,-1400.0
2026-09-03T18:15:40.777509-04:00,cfbd,401866622,Stony Brook,Lindenwood,DraftKings,-4.0,-4.0,50.5,50.5,-189.0,150.0
2026-09-03T18:15:40.777509-04:00,cfbd,401858204,Wake Forest,Akron,DraftKings,-27.5,-22.5,50.5,,-2800.0,1300.0
2026-09-03T18:15:40.777509-04:00,cfbd,401858204,Wake Forest,Akron,Bovada,-27.5,-22.5,50.5,49.5,-3500.0,1100.0
2026-09-04T13:13:24.077416-04:00,cfbd,401856779,Iowa State,Southeast Missouri State,DraftKings,-29.5,-29.5,53.5,53.5,-20000.0,3500.0
2026-09-04T13:13:24.077416-04:00,cfbd,401866410,Bowling Green,Tarleton State,DraftKings,-2.5,-2.5,48.5,47.5,-135.0,114.0
2026-09-04T13:13:24.077416-04:00,cfbd,401869960,James Madison,Liberty,DraftKings,-6.0,-6.0,50.5,,-225.0,185.0
2026-09-04T13:13:24.077416-04:00,cfbd,401869960,James Madison,Liberty,Bovada,-6.5,-6.0,50.5,50.5,-250.0,210.0
2026-09-04T13:13:24.077416-04:00,cfbd,401862701,Army,Bryant,DraftKings,-36.5,-36.5,51.5,,,
2026-09-04T13:13:24.077416-04:00,cfbd,401858208,Syracuse,New Hampshire,DraftKings,-33.5,-32.5,54.5,55.5,-100000.0,5000.0
2026-09-04T13:13:24.077416-04:00,cfbd,401861962,UConn,Lafayette,DraftKings,-19.5,-19.5,51.5,58.5,-1350.0,800.0
2026-09-04T13:13:24.077416-04:00,cfbd,401864496,Air Force,Duquesne,DraftKings,-28.5,-30.5,57.5,58.5,-8000.0,2200.0
2026-09-04T13:13:24.077416-04:00,cfbd,401856659,Kentucky,Youngstown State,DraftKings,-22.5,-23.5,62.5,62.5,-1650.0,950.0
2026-09-04T13:13:24.077416-04:00,cfbd,401866623,Georgia State,North Carolina A&T,DraftKings,-28.5,-28.5,58.5,63.5,-4000.0,1600.0
2026-09-04T13:13:24.077416-04:00,cfbd,401866623,Georgia State,North Carolina A&T,Bovada,-28.0,-28.0,61.0,61.0,,
2026-09-04T13:13:24.077416-04:00,cfbd,401858435,Purdue,Indiana State,DraftKings,-34.5,-34.5,55.5,56.5,,
2026-09-04T13:13:24.077416-04:00,cfbd,401858435,Purdue,Indiana State,Bovada,-35.5,-35.5,56.0,56.0,,
2026-09-04T13:13:24.077416-04:00,cfbd,401856769,Kansas,Long Island University,DraftKings,-43.5,-38.5,56.5,53.5,,
2026-09-04T13:13:24.077416-04:00,cfbd,401856769,Kansas,Long Island University,Bovada,-42.0,-42.0,54.5,54.5,,
2026-09-04T13:13:24.077416-04:00,cfbd,401858436,USC,Fresno State,DraftKings,-22.5,-23.5,51.5,,-2400.0,1200.0
2026-09-04T13:13:24.077416-04:00,cfbd,401858436,USC,Fresno State,Bovada,-21.5,-23.0,51.5,51.5,-3500.0,1100.0
2026-09-04T13:13:24.077416-04:00,cfbd,401858206,Stanford,Miami,DraftKings,24.5,21.5,47.5,,1500.0,-3600.0
2026-09-04T13:13:24.077416-04:00,cfbd,401858206,Stanford,Miami,Bovada,23.5,21.5,48.0,48.5,1100.0,-3500.0
2026-09-04T13:13:24.077416-04:00,cfbd,401858425,Indiana,North Texas,DraftKings,-40.5,-40.5,56.5,,,
2026-09-04T13:13:24.077416-04:00,cfbd,401858425,Indiana,North Texas,Bovada,-41.0,-40.5,57.0,55.5,,
2026-09-04T13:13:24.077416-04:00,cfbd,401858430,Nebraska,Ohio,DraftKings,-23.5,-23.5,46.5,,-2800.0,1300.0
2026-09-04T13:13:24.077416-04:00,cfbd,401858430,Nebraska,Ohio,Bovada,-23.5,-23.5,46.0,47.5,-2800.0,1100.0
2026-09-04T13:13:24.077416-04:00,cfbd,401856665,South Carolina,Kent State,Bovada,-36.5,-34.5,53.5,52.5,-100000.0,-100000.0
2026-09-04T13:13:24.077416-04:00,cfbd,401856665,South Carolina,Kent State,DraftKings,-35.5,-33.5,53.5,,-100000.0,5000.0
2026-09-04T13:13:24.077416-04:00,cfbd,401856778,Houston,Oregon State,Bovada,-21.0,-18.5,49.5,51.5,-1300.0,725.0
2026-09-04T13:13:24.077416-04:00,cfbd,401856778,Houston,Oregon State,DraftKings,-21.0,-18.5,50.5,,-1650.0,950.0
2026-09-04T13:13:24.077416-04:00,cfbd,401856634,Alabama,East Carolina,Bovada,-28.0,-25.5,52.5,53.5,-7500.0,1400.0
2026-09-04T13:13:24.077416-04:00,cfbd,401856634,Alabama,East Carolina,DraftKings,-27.5,-25.5,52.5,,-6500.0,2000.0
2026-09-04T13:13:24.077416-04:00,cfbd,401856780,West Virginia,Coastal Carolina,Bovada,-21.0,-17.5,56.0,57.5,-1725.0,-100000.0
2026-09-04T13:13:24.077416-04:00,cfbd,401856780,West Virginia,Coastal Carolina,DraftKings,-21.0,-17.5,55.5,,-1450.0,850.0
2026-09-04T13:13:24.077416-04:00,cfbd,401858207,Pittsburgh,Miami (OH),Bovada,-16.0,-16.5,47.0,50.5,-800.0,525.0
2026-09-04T13:13:24.077416-04:00,cfbd,401858207,Pittsburgh,Miami (OH),DraftKings,-16.5,-16.5,47.5,,-800.0,550.0
2026-09-04T13:13:24.077416-04:00,cfbd,401864495,Eastern Michigan,San José State,DraftKings,-2.5,-3.5,55.5,,-135.0,114.0
2026-09-04T13:13:24.077416-04:00,cfbd,401864495,Eastern Michigan,San José State,Bovada,-3.0,-3.5,56.0,53.5,-170.0,145.0
2026-09-04T13:13:24.077416-04:00,cfbd,401858429,Michigan State,Toledo,DraftKings,-10.0,-10.5,48.5,,-440.0,340.0
2026-09-04T13:13:24.077416-04:00,cfbd,401858429,Michigan State,Toledo,Bovada,-10.5,-10.5,47.5,49.5,-410.0,305.0
2026-09-04T13:13:24.077416-04:00,cfbd,401858432,Ohio State,Ball State,DraftKings,-49.5,-49.5,55.5,,,
2026-09-04T13:13:24.077416-04:00,cfbd,401858432,Ohio State,Ball State,Bovada,-51.0,-50.5,56.5,56.5,,
2026-09-04T13:13:24.077416-04:00,cfbd,401856664,Oklahoma,UTEP,Bovada,-41.5,-40.5,51.5,50.5,,
2026-09-04T13:13:24.077416-04:00,cfbd,401856664,Oklahoma,UTEP,DraftKings,-40.5,-40.5,51.5,,,
2026-09-04T18:05:19.665560-04:00,cfbd,401862698,Temple,Rhode Island,DraftKings,-14.5,-10.0,51.5,51.5,-700.0,500.0
2026-09-04T18:05:19.665560-04:00,cfbd,401856635,Arkansas,North Alabama,DraftKings,-40.5,-40.5,63.5,63.5,,
2026-09-04T18:05:19.665560-04:00,cfbd,401866410,Bowling Green,Tarleton State,DraftKings,-2.5,-2.5,48.5,47.5,-135.0,114.0
2026-09-04T18:05:19.665560-04:00,cfbd,401869960,James Madison,Liberty,DraftKings,-6.0,-6.0,50.5,,-225.0,185.0
2026-09-04T18:05:19.665560-04:00,cfbd,401869960,James Madison,Liberty,Bovada,-6.5,-6.0,50.5,50.5,-250.0,210.0
2026-09-04T18:05:19.665560-04:00,cfbd,401856658,Georgia,Tennessee State,DraftKings,-47.5,-46.5,54.5,56.5,,
2026-09-04T18:05:19.665560-04:00,cfbd,401858208,Syracuse,New Hampshire,DraftKings,-34.5,-32.5,55.5,55.5,-100000.0,5000.0
2026-09-04T18:05:19.665560-04:00,cfbd,401856779,Iowa State,Southeast Missouri State,DraftKings,-30.5,-29.5,53.5,53.5,-50000.0,4000.0
2026-09-04T18:05:19.665560-04:00,cfbd,401861962,UConn,Lafayette,DraftKings,-19.5,-19.5,51.5,58.5,-1350.0,800.0
2026-09-04T18:05:19.665560-04:00,cfbd,401856777,Cincinnati,Boston College,DraftKings,-7.5,-9.5,50.5,,-305.0,245.0
2026-09-04T18:05:19.665560-04:00,cfbd,401856777,Cincinnati,Boston College,Bovada,-7.5,-9.5,50.0,54.5,-270.0,220.0
2026-09-04T18:05:19.665560-04:00,cfbd,401864496,Air Force,Duquesne,DraftKings,-29.5,-30.5,57.5,58.5,-8000.0,2200.0
2026-09-04T18:05:19.665560-04:00,cfbd,401856659,Kentucky,Youngstown State,DraftKings,-22.5,-23.5,62.5,62.5,-1650.0,950.0
2026-09-04T18:05:19.665560-04:00,cfbd,401862701,Army,Bryant,DraftKings,-36.5,-36.5,50.5,,,
2026-09-04T18:05:19.665560-04:00,cfbd,401856666,Tennessee,Furman,DraftKings,-48.5,-46.5,66.5,66.5,,
2026-09-04T18:05:19.665560-04:00,cfbd,401862696,Navy,Towson,DraftKings,-30.5,-30.5,50.5,53.5,-50000.0,4000.0
2026-09-04T18:05:19.665560-04:00,cfbd,401866623,Georgia State,North Carolina A&T,DraftKings,-28.5,-28.5,58.5,63.5,-4000.0,1600.0
2026-09-04T18:05:19.665560-04:00,cfbd,401866623,Georgia State,North Carolina A&T,Bovada,-28.0,-28.0,61.0,61.0,,
2026-09-04T18:05:19.665560-04:00,cfbd,401858435,Purdue,Indiana State,DraftKings,-34.5,-34.5,55.5,56.5,,
2026-09-04T18:05:19.665560-04:00,cfbd,401858435,Purdue,Indiana State,Bovada,-35.5,-35.5,56.0,56.0,,
2026-09-04T18:05:19.665560-04:00,cfbd,401862694,Charlotte,The Citadel,DraftKings,-20.5,-15.5,46.5,46.5,-1650.0,950.0
2026-09-04T18:05:19.665560-04:00,cfbd,401856769,Kansas,Long Island University,DraftKings,-43.5,-38.5,56.5,53.5,,
2026-09-04T18:05:19.665560-04:00,cfbd,401856769,Kansas,Long Island University,Bovada,-42.0,-42.0,54.5,54.5,,
2026-09-04T18:05:19.665560-04:00,cfbd,401862700,UTSA,UT Rio Grande Valley,DraftKings,-28.5,-28.5,59.5,59.5,-9000.0,2500.0
2026-09-04T18:05:19.665560-04:00,cfbd,401864499,North Dakota State,Fordham,DraftKings,-41.5,-39.5,56.5,57.5,,
2026-09-04T18:05:19.665560-04:00,cfbd,401866627,App State,Maine,DraftKings,-19.5,-17.5,53.5,53.5,-1100.0,700.0
2026-09-04T18:05:19.665560-04:00,cfbd,401867973,Old Dominion,Norfolk State,DraftKings,-40.5,-41.5,52.5,55.5,,
2026-09-04T18:05:19.665560-04:00,cfbd,401868356,Southern Miss,Alcorn State,DraftKings,-19.5,-21.0,50.5,50.5,-1200.0,750.0
2026-09-04T18:05:19.665560-04:00,cfbd,401858436,USC,Fresno State,DraftKings,-22.5,-23.5,51.5,,-2400.0,1200.0
2026-09-04T18:05:19.665560-04:00,cfbd,401858436,USC,Fresno State,Bovada,-21.5,-23.0,51.5,51.5,-3500.0,1100.0
2026-09-04T18:05:19.665560-04:00,cfbd,401856772,Tulsa,Oklahoma State,DraftKings,13.5,11.5,59.5,,425.0,-575.0
2026-09-04T18:05:19.665560-04:00,cfbd,401856772,Tulsa,Oklahoma State,Bovada,13.5,11.5,59.0,61.5,390.0,-550.0
2026-09-04T18:05:19.665560-04:00,cfbd,401856667,Texas,Texas State,DraftKings,-29.5,-30.5,59.5,,-8000.0,2200.0
2026-09-04T18:05:19.665560-04:00,cfbd,401856667,Texas,Texas State,Bovada,-29.5,-30.5,60.0,59.5,-10000.0,2500.0
2026-09-04T18:05:19.665560-04:00,cfbd,401858425,Indiana,North Texas,DraftKings,-40.5,-40.5,56.5,,,
2026-09-04T18:05:19.665560-04:00,cfbd,401858425,Indiana,North Texas,Bovada,-41.0,-40.5,57.0,55.5,,
2026-09-04T18:05:19.665560-04:00,cfbd,401858206,Stanford,Miami,DraftKings,24.5,21.5,46.5,,1600.0,-4000.0
2026-09-04T18:05:19.665560-04:00,cfbd,401858206,Stanford,Miami,Bovada,23.5,21.5,48.0,48.5,1100.0,-3500.0
2026-09-04T18:05:19.665560-04:00,cfbd,401858209,Duke,Tulane,DraftKings,-7.5,-8.5,51.5,,-325.0,260.0
2026-09-04T18:05:19.665560-04:00,cfbd,401858209,Duke,Tulane,Bovada,-7.5,-8.5,50.5,53.5,-480.0,350.0
2026-09-04T18:05:19.665560-04:00,cfbd,401856636,Auburn,Baylor,DraftKings,-7.5,-6.5,59.5,,-285.0,230.0
2026-09-04T18:05:19.665560-04:00,cfbd,401856636,Auburn,Baylor,Bovada,-7.5,-7.5,59.5,58.5,-270.0,220.0
2026-09-04T18:05:19.665560-04:00,cfbd,401858430,Nebraska,Ohio,DraftKings,-23.5,-23.5,46.5,,-2800.0,1300.0
2026-09-04T18:05:19.665560-04:00,cfbd,401858430,Nebraska,Ohio,Bovada,-23.5,-23.5,46.0,47.5,-2800.0,1100.0
2026-09-04T18:05:19.665560-04:00,cfbd,401858433,Oregon,Boise State,DraftKings,-24.5,-24.5,51.5,,-3200.0,1400.0
2026-09-04T18:05:19.665560-04:00,cfbd,401858433,Oregon,Boise State,Bovada,-25.0,-24.5,51.5,53.5,-3300.0,1100.0
2026-09-04T18:05:19.665560-04:00,cfbd,401856665,South Carolina,Kent State,Bovada,-36.5,-34.5,53.5,52.5,-100000.0,-100000.0
2026-09-04T18:05:19.665560-04:00,cfbd,401856665,South Carolina,Kent State,DraftKings,-35.5,-33.5,53.5,,-100000.0,5000.0
2026-09-04T18:05:19.665560-04:00,cfbd,401856778,Houston,Oregon State,Bovada,-21.0,-18.5,49.5,51.5,-1300.0,725.0
2026-09-04T18:05:19.665560-04:00,cfbd,401856778,Houston,Oregon State,DraftKings,-21.0,-18.5,50.5,,-1800.0,1000.0
2026-09-04T18:05:19.665560-04:00,cfbd,401858426,Iowa,Northern Illinois,Bovada,-32.0,-29.5,44.5,43.5,-100000.0,2500.0
2026-09-04T18:05:19.665560-04:00,cfbd,401858426,Iowa,Northern Illinois,DraftKings,-31.5,-29.5,44.5,,-100000.0,5000.0
2026-09-04T18:05:19.665560-04:00,cfbd,401856634,Alabama,East Carolina,Bovada,-28.0,-25.5,52.5,53.5,-7500.0,1400.0
2026-09-04T18:05:19.665560-04:00,cfbd,401856634,Alabama,East Carolina,DraftKings,-27.5,-25.5,52.5,,-6500.0,2000.0
2026-09-04T18:05:19.665560-04:00,cfbd,401858434,Penn State,Marshall,Bovada,-23.5,-23.5,52.0,54.5,-3500.0,1100.0
2026-09-04T18:05:19.665560-04:00,cfbd,401858434,Penn State,Marshall,DraftKings,-23.5,-23.5,52.5,,-2400.0,1200.0
2026-09-04T18:05:19.665560-04:00,cfbd,401860878,Colorado State,Wyoming,DraftKings,-3.0,-4.0,46.5,,-155.0,130.0
2026-09-04T18:05:19.665560-04:00,cfbd,401860878,Colorado State,Wyoming,Bovada,-3.0,-4.0,46.5,47.5,-180.0,155.0
2026-09-04T18:05:19.665560-04:00,cfbd,401867924,New Haven,Stonehill,DraftKings,-7.0,-7.0,41.5,41.5,-273.0,212.0
2026-09-04T18:05:19.665560-04:00,cfbd,401866624,Monmouth,Sacred Heart,DraftKings,-15.5,-15.5,58.5,58.5,-740.0,481.0
2026-09-04T18:05:19.665560-04:00,cfbd,401867875,North Dakota,St. Thomas (MN),DraftKings,-27.5,-27.5,52.5,52.5,,
2026-09-04T18:05:19.665560-04:00,cfbd,401868000,Colgate,Holy Cross,DraftKings,-4.5,-4.5,47.5,47.5,-181.0,144.0
2026-09-04T18:05:19.665560-04:00,cfbd,401868274,Mercer,Presbyterian,DraftKings,-21.5,-21.5,56.5,56.5,-1820.0,850.0
2026-09-04T18:05:19.665560-04:00,cfbd,401868336,Chattanooga,Tennessee Tech,DraftKings,10.5,10.5,49.5,49.5,353.0,-496.0
2026-09-04T18:05:19.665560-04:00,cfbd,401869127,Howard,Richmond,DraftKings,14.5,14.5,45.5,45.5,484.0,-750.0
2026-09-04T18:05:19.665560-04:00,cfbd,401868111,Montana,Drake,DraftKings,-35.5,-34.5,57.5,57.5,,
2026-09-04T18:05:19.665560-04:00,cfbd,401866626,Davidson,Elon,DraftKings,32.5,31.5,58.5,57.5,,
2026-09-04T18:05:19.665560-04:00,cfbd,401867989,Bucknell,Villanova,DraftKings,26.5,26.5,56.5,56.5,1240.0,-4400.0
2026-09-04T18:05:19.665560-04:00,cfbd,401866625,Campbell,Western Carolina,DraftKings,4.0,4.0,67.5,67.5,144.0,-181.0
2026-09-04T18:05:19.665560-04:00,cfbd,401856780,West Virginia,Coastal Carolina,Bovada,-21.0,-17.5,56.0,57.5,-1725.0,-100000.0
2026-09-04T18:05:19.665560-04:00,cfbd,401856780,West Virginia,Coastal Carolina,DraftKings,-21.0,-17.5,54.5,,-1450.0,850.0
2026-09-04T18:05:19.665560-04:00,cfbd,401868186,Wofford,Gardner-Webb,DraftKings,-7.0,-7.0,47.5,47.5,-294.0,226.0
2026-09-04T18:05:19.665560-04:00,cfbd,401867692,William & Mary,Delaware State,DraftKings,-10.0,-10.0,56.5,56.5,-432.0,315.0
2026-09-04T18:05:19.665560-04:00,cfbd,401864495,Eastern Michigan,San José State,DraftKings,-1.5,-3.5,55.5,,-115.0,-105.0
2026-09-04T18:05:19.665560-04:00,cfbd,401864495,Eastern Michigan,San José State,Bovada,-3.0,-3.5,56.0,53.5,-170.0,145.0
2026-09-04T18:05:19.665560-04:00,cfbd,401858207,Pittsburgh,Miami (OH),Bovada,-16.0,-16.5,47.0,50.5,-800.0,525.0
2026-09-04T18:05:19.665560-04:00,cfbd,401858207,Pittsburgh,Miami (OH),DraftKings,-16.5,-16.5,47.5,,-800.0,550.0
2026-09-04T18:05:19.665560-04:00,cfbd,401868017,Georgetown,Lehigh,DraftKings,22.5,20.5,49.5,49.5,900.0,-2100.0
2026-09-04T18:05:19.665560-04:00,cfbd,401858429,Michigan State,Toledo,Bovada,-10.5,-10.5,47.5,49.5,-410.0,305.0
2026-09-04T18:05:19.665560-04:00,cfbd,401858429,Michigan State,Toledo,DraftKings,-10.0,-10.5,48.5,,-395.0,310.0
2026-09-04T18:05:19.665560-04:00,cfbd,401858432,Ohio State,Ball State,Bovada,-51.0,-50.5,56.5,56.5,,
2026-09-04T18:05:19.665560-04:00,cfbd,401858432,Ohio State,Ball State,DraftKings,-49.5,-49.5,56.5,,,
2026-09-04T18:05:19.665560-04:00,cfbd,401856664,Oklahoma,UTEP,Bovada,-41.5,-40.5,51.5,50.5,,
2026-09-04T18:05:19.665560-04:00,cfbd,401856664,Oklahoma,UTEP,DraftKings,-40.5,-40.5,51.5,,,
2026-09-05T12:21:07.504109-04:00,cfbd,401856658,Georgia,Tennessee State,DraftKings,-48.5,-46.5,55.5,56.5,,
2026-09-05T12:21:07.504109-04:00,cfbd,401856658,Georgia,Tennessee State,Bovada,-46.5,-48.0,54.5,54.5,,
2026-09-05T12:21:07.504109-04:00,cfbd,401862698,Temple,Rhode Island,DraftKings,-14.5,-10.0,51.5,51.5,-700.0,500.0
2026-09-05T12:21:07.504109-04:00,cfbd,401862698,Temple,Rhode Island,Bovada,-14.5,-14.5,51.0,51.0,-700.0,475.0
2026-09-05T12:21:07.504109-04:00,cfbd,401856635,Arkansas,North Alabama,DraftKings,-40.5,-40.5,63.5,63.5,,
2026-09-05T12:21:07.504109-04:00,cfbd,401856635,Arkansas,North Alabama,Bovada,-40.5,-40.5,63.0,63.0,,
2026-09-05T12:21:07.504109-04:00,cfbd,401856779,Iowa State,Southeast Missouri State,DraftKings,-29.5,-29.5,52.5,53.5,-9000.0,2500.0
2026-09-05T12:21:07.504109-04:00,cfbd,401856777,Cincinnati,Boston College,DraftKings,-7.0,-9.5,51.5,,-285.0,230.0
2026-09-05T12:21:07.504109-04:00,cfbd,401856777,Cincinnati,Boston College,Bovada,-7.5,-9.5,50.0,54.5,-270.0,220.0
2026-09-05T12:21:07.504109-04:00,cfbd,401856666,Tennessee,Furman,DraftKings,-49.5,-46.5,66.5,66.5,,
2026-09-05T12:21:07.504109-04:00,cfbd,401856666,Tennessee,Furman,Bovada,-48.0,-48.0,67.0,66.5,,
2026-09-05T12:21:07.504109-04:00,cfbd,401856659,Kentucky,Youngstown State,DraftKings,-22.5,-23.5,61.5,62.5,-1600.0,900.0
2026-09-05T12:21:07.504109-04:00,cfbd,401856659,Kentucky,Youngstown State,Bovada,-22.0,-23.0,62.5,62.5,-2200.0,1000.0
2026-09-05T12:21:07.504109-04:00,cfbd,401862694,Charlotte,The Citadel,DraftKings,-20.5,-15.5,48.5,46.5,-1650.0,950.0
2026-09-05T12:21:07.504109-04:00,cfbd,401862694,Charlotte,The Citadel,Bovada,-20.0,-20.0,46.5,46.5,-1400.0,750.0
2026-09-05T12:21:07.504109-04:00,cfbd,401862696,Navy,Towson,DraftKings,-31.5,-30.5,50.5,53.5,-100000.0,5000.0
2026-09-05T12:21:07.504109-04:00,cfbd,401862696,Navy,Towson,Bovada,-30.5,-30.5,50.5,50.5,,
2026-09-05T12:21:07.504109-04:00,cfbd,401864499,North Dakota State,Fordham,DraftKings,-41.5,-39.5,54.5,57.5,,
2026-09-05T12:21:07.504109-04:00,cfbd,401864499,North Dakota State,Fordham,Bovada,-41.5,-41.5,56.0,56.0,,
2026-09-05T12:21:07.504109-04:00,cfbd,401862700,UTSA,UT Rio Grande Valley,DraftKings,-28.5,-28.5,59.5,59.5,-6500.0,2000.0
2026-09-05T12:21:07.504109-04:00,cfbd,401862700,UTSA,UT Rio Grande Valley,Bovada,-28.5,-28.5,59.5,59.5,,
2026-09-05T12:21:07.504109-04:00,cfbd,401866627,App State,Maine,DraftKings,-21.0,-17.5,53.5,53.5,-1600.0,900.0
2026-09-05T12:21:07.504109-04:00,cfbd,401866627,App State,Maine,Bovada,-19.5,-19.5,53.5,53.5,-1300.0,725.0
2026-09-05T12:21:07.504109-04:00,cfbd,401856775,BYU,Utah Tech,DraftKings,-51.5,-47.5,61.5,54.5,,
2026-09-05T12:21:07.504109-04:00,cfbd,401856775,BYU,Utah Tech,Bovada,-51.5,-51.5,61.0,61.0,,
2026-09-05T12:21:07.504109-04:00,cfbd,401856771,Kansas State,Nicholls,DraftKings,-41.5,-40.5,54.5,55.5,,
2026-09-05T12:21:07.504109-04:00,cfbd,401856771,Kansas State,Nicholls,Bovada,-40.5,-40.5,54.5,54.5,,
2026-09-05T12:21:07.504109-04:00,cfbd,401866411,Sacramento State,Mississippi Valley State,DraftKings,-37.5,-35.5,56.5,56.5,,
2026-09-05T12:21:07.504109-04:00,cfbd,401860879,San Diego State,Portland State,DraftKings,-40.5,-38.5,62.5,57.5,,
2026-09-05T12:21:07.504109-04:00,cfbd,401860879,San Diego State,Portland State,Bovada,-40.5,-40.5,62.0,62.0,,
2026-09-05T12:21:07.504109-04:00,cfbd,401867866,Middle Tennessee,Murray State,DraftKings,-22.5,-20.5,56.5,59.5,-2100.0,1100.0
2026-09-05T12:21:07.504109-04:00,cfbd,401867866,Middle Tennessee,Murray State,Bovada,-21.0,-21.0,57.5,57.5,-1800.0,850.0
2026-09-05T12:21:07.504109-04:00,cfbd,401856773,Arizona,Northern Arizona,DraftKings,-31.5,-31.5,58.5,56.5,-8000.0,2200.0
2026-09-05T12:21:07.504109-04:00,cfbd,401856773,Arizona,Northern Arizona,Bovada,-31.5,-31.5,58.5,58.5,,
2026-09-05T12:21:07.504109-04:00,cfbd,401868170,Georgia Southern,Charleston Southern,DraftKings,-28.5,-25.5,51.5,51.5,-5000.0,1800.0
2026-09-05T12:21:07.504109-04:00,cfbd,401868170,Georgia Southern,Charleston Southern,Bovada,-25.5,-25.5,51.5,51.5,-4000.0,1200.0
2026-09-05T12:21:07.504109-04:00,cfbd,401858211,Virginia Tech,VMI,DraftKings,-55.5,-50.5,61.5,57.5,,
2026-09-05T12:21:07.504109-04:00,cfbd,401858211,Virginia Tech,VMI,Bovada,-55.5,-55.5,62.0,62.0,,
2026-09-05T12:21:07.504109-04:00,cfbd,401860880,Utah State,Idaho State,DraftKings,-15.5,-11.5,59.5,64.5,-650.0,470.0
2026-09-05T12:21:07.504109-04:00,cfbd,401860880,Utah State,Idaho State,Bovada,-14.0,-14.0,62.0,62.0,-600.0,425.0
2026-09-05T12:21:07.504109-04:00,cfbd,401862697,Rice,Houston Christian,DraftKings,-22.5,-24.5,47.5,47.5,-3600.0,1500.0
2026-09-05T12:21:07.504109-04:00,cfbd,401862697,Rice,Houston Christian,Bovada,-22.5,-22.5,47.5,47.5,-2000.0,950.0
2026-09-05T12:21:07.504109-04:00,cfbd,401868140,Jacksonville State,Eastern Kentucky,DraftKings,-22.5,-19.5,52.5,52.5,-2100.0,1100.0
2026-09-05T12:21:07.504109-04:00,cfbd,401868140,Jacksonville State,Eastern Kentucky,Bovada,-21.0,-21.0,53.5,53.5,-1600.0,800.0
2026-09-05T12:21:07.504109-04:00,cfbd,401869129,Louisiana Tech,Northwestern State,DraftKings,-44.5,-41.5,56.5,52.5,,
2026-09-05T12:21:07.504109-04:00,cfbd,401869129,Louisiana Tech,Northwestern State,Bovada,-44.5,-44.5,55.5,55.5,,
2026-09-05T12:21:07.504109-04:00,cfbd,401867973,Old Dominion,Norfolk State,DraftKings,-40.5,-41.5,52.5,55.5,,
2026-09-05T12:21:07.504109-04:00,cfbd,401867973,Old Dominion,Norfolk State,Bovada,-41.0,-41.0,52.5,52.5,,
2026-09-05T12:21:07.504109-04:00,cfbd,401858427,Maryland,Hampton,DraftKings,-45.5,-45.5,56.5,56.5,,
2026-09-05T12:21:07.504109-04:00,cfbd,401858427,Maryland,Hampton,Bovada,-45.5,-45.5,55.5,55.5,,
2026-09-05T12:21:07.504109-04:00,cfbd,401856770,Texas Tech,Abilene Christian,DraftKings,-43.5,-42.5,59.5,59.5,,
2026-09-05T12:21:07.504109-04:00,cfbd,401856770,Texas Tech,Abilene Christian,Bovada,-42.5,-42.5,59.5,59.5,,
2026-09-05T12:21:07.504109-04:00,cfbd,401856774,Arizona State,Morgan State,DraftKings,-44.5,-41.5,52.5,52.5,,
2026-09-05T12:21:07.504109-04:00,cfbd,401856774,Arizona State,Morgan State,Bovada,-45.0,-45.0,52.5,52.5,,
2026-09-05T12:21:07.504109-04:00,cfbd,401869142,Louisiana,Lamar,DraftKings,-20.5,-18.5,48.5,48.5,-1200.0,750.0
2026-09-05T12:21:07.504109-04:00,cfbd,401869142,Louisiana,Lamar,Bovada,-20.0,-20.0,48.5,48.5,-1400.0,750.0
2026-09-05T12:21:07.504109-04:00,cfbd,401858431,Northwestern,South Dakota State,DraftKings,-12.5,-12.5,48.5,46.5,-485.0,370.0
2026-09-05T12:21:07.504109-04:00,cfbd,401858431,Northwestern,South Dakota State,Bovada,-12.5,-12.5,46.0,46.0,-525.0,375.0
2026-09-05T12:21:07.504109-04:00,cfbd,401868316,South Alabama,SE Louisiana,DraftKings,-13.5,-12.5,52.5,52.5,-535.0,400.0
2026-09-05T12:21:07.504109-04:00,cfbd,401868316,South Alabama,SE Louisiana,Bovada,-12.5,-12.5,52.5,52.5,-510.0,370.0
2026-09-05T12:21:07.504109-04:00,cfbd,401868356,Southern Miss,Alcorn State,DraftKings,-19.5,-21.0,50.5,50.5,-1600.0,900.0
2026-09-05T12:21:07.504109-04:00,cfbd,401868356,Southern Miss,Alcorn State,Bovada,-20.0,-20.0,50.5,50.5,-1400.0,750.0
2026-09-05T12:21:07.504109-04:00,cfbd,401856669,Vanderbilt,Austin Peay,DraftKings,-29.5,-30.5,58.5,61.5,-6500.0,2000.0
2026-09-05T12:21:07.504109-04:00,cfbd,401856669,Vanderbilt,Austin Peay,Bovada,-29.0,-29.0,60.0,60.5,,
2026-09-05T12:21:07.504109-04:00,cfbd,401870790,New Mexico State,Mercyhurst,DraftKings,-28.5,-24.5,52.5,50.5,-8000.0,2200.0
2026-09-05T12:21:07.504109-04:00,cfbd,401870790,New Mexico State,Mercyhurst,Bovada,-28.5,-28.5,52.0,52.0,,
2026-09-05T12:21:07.504109-04:00,cfbd,401858209,Duke,Tulane,DraftKings,-7.5,-8.5,50.5,,-345.0,275.0
2026-09-05T12:21:07.504109-04:00,cfbd,401858209,Duke,Tulane,Bovada,-7.5,-8.5,50.5,53.5,-480.0,350.0
2026-09-05T12:21:07.504109-04:00,cfbd,401856772,Tulsa,Oklahoma State,DraftKings,13.5,11.5,57.5,,410.0,-550.0
2026-09-05T12:21:07.504109-04:00,cfbd,401856772,Tulsa,Oklahoma State,Bovada,13.5,11.5,59.0,61.5,390.0,-550.0
2026-09-05T12:21:07.504109-04:00,cfbd,401856667,Texas,Texas State,DraftKings,-29.5,-30.5,59.5,,-9000.0,2500.0
2026-09-05T12:21:07.504109-04:00,cfbd,401856667,Texas,Texas State,Bovada,-29.5,-30.5,60.0,59.5,-10000.0,2500.0
2026-09-05T12:21:07.504109-04:00,cfbd,401858433,Oregon,Boise State,DraftKings,-24.5,-24.5,51.5,,-2800.0,1300.0
2026-09-05T12:21:07.504109-04:00,cfbd,401858433,Oregon,Boise State,Bovada,-25.0,-24.5,51.5,53.5,-3300.0,1100.0
2026-09-05T12:21:07.504109-04:00,cfbd,401858428,Michigan,Western Michigan,Bovada,-27.5,-26.5,49.5,47.5,-7000.0,1300.0
2026-09-05T12:21:07.504109-04:00,cfbd,401858428,Michigan,Western Michigan,DraftKings,-27.5,-26.5,49.5,,-6500.0,2000.0
2026-09-05T12:21:07.504109-04:00,cfbd,401856636,Auburn,Baylor,DraftKings,-7.5,-6.5,58.5,,-285.0,230.0
2026-09-05T12:21:07.504109-04:00,cfbd,401856636,Auburn,Baylor,Bovada,-7.5,-7.5,59.5,58.5,-270.0,220.0
2026-09-05T12:21:07.504109-04:00,cfbd,401864498,New Mexico,Central Michigan,Bovada,-10.5,-12.5,47.0,49.0,-575.0,400.0
2026-09-05T12:21:07.504109-04:00,cfbd,401864498,New Mexico,Central Michigan,DraftKings,-10.5,-12.5,47.5,,-440.0,340.0
2026-09-05T12:21:07.504109-04:00,cfbd,401864497,Hawai'i,UNLV,Bovada,3.0,1.5,55.5,58.5,130.0,-150.0
2026-09-05T12:21:07.504109-04:00,cfbd,401864497,Hawai'i,UNLV,DraftKings,3.0,1.5,55.5,,130.0,-155.0
2026-09-05T12:21:07.504109-04:00,cfbd,401858426,Iowa,Northern Illinois,Bovada,-32.0,-29.5,44.5,43.5,-100000.0,4500.0
2026-09-05T12:21:07.504109-04:00,cfbd,401858426,Iowa,Northern Illinois,DraftKings,-31.5,-29.5,44.5,,-50000.0,4000.0
2026-09-05T12:21:07.504109-04:00,cfbd,401862699,South Florida,Florida International,DraftKings,-14.5,-12.5,52.5,,-675.0,490.0
2026-09-05T12:21:07.504109-04:00,cfbd,401862699,South Florida,Florida International,Bovada,-14.5,-12.5,52.0,54.5,-460.0,340.0
2026-09-05T12:21:07.504109-04:00,cfbd,401856665,South Carolina,Kent State,Bovada,-36.5,-34.5,53.5,52.5,-100000.0,-100000.0
2026-09-05T12:21:07.504109-04:00,cfbd,401856665,South Carolina,Kent State,DraftKings,-35.5,-33.5,53.5,,-50000.0,4000.0
2026-09-05T12:21:07.504109-04:00,cfbd,401858210,California,UCLA,Bovada,2.5,-3.5,53.5,53.5,110.0,-130.0
2026-09-05T12:21:07.504109-04:00,cfbd,401858210,California,UCLA,DraftKings,2.5,-1.5,53.5,,114.0,-135.0
2026-09-05T12:21:07.504109-04:00,cfbd,401856637,Florida,Florida Atlantic,Bovada,-26.5,-25.5,59.5,56.5,-6500.0,1300.0
2026-09-05T12:21:07.504109-04:00,cfbd,401856637,Florida,Florida Atlantic,DraftKings,-26.5,-25.5,59.5,,-2800.0,1300.0
2026-09-05T12:21:07.504109-04:00,cfbd,401860878,Colorado State,Wyoming,DraftKings,-3.0,-4.0,46.5,,-155.0,130.0
2026-09-05T12:21:07.504109-04:00,cfbd,401860878,Colorado State,Wyoming,Bovada,-3.0,-4.0,46.5,47.5,-180.0,155.0
2026-09-05T12:21:07.504109-04:00,cfbd,401870763,Troy,Sam Houston,Bovada,-16.5,-17.0,54.0,50.5,-1300.0,725.0
2026-09-05T12:21:07.504109-04:00,cfbd,401870763,Troy,Sam Houston,DraftKings,-16.5,-17.5,52.5,,-850.0,575.0
2026-09-05T12:21:07.504109-04:00,cfbd,401858434,Penn State,Marshall,Bovada,-23.0,-23.5,52.0,54.5,-3500.0,1100.0
2026-09-05T12:21:07.504109-04:00,cfbd,401858434,Penn State,Marshall,DraftKings,-23.5,-23.5,52.5,,-1800.0,1000.0
2026-09-05T12:21:07.504109-04:00,cfbd,401867684,UT Martin,Chicago State,DraftKings,-44.5,-44.5,61.5,61.5,,
2026-09-05T12:21:07.504109-04:00,cfbd,401868085,Eastern Washington,Northern Iowa,DraftKings,-6.5,-6.5,52.5,52.5,-271.0,210.0
2026-09-05T12:21:07.504109-04:00,cfbd,401867883,Northern Colorado,South Dakota,DraftKings,20.5,20.5,56.5,56.5,920.0,-2100.0
2026-09-05T12:21:07.504109-04:00,cfbd,401868158,Southern Utah,Weber State,DraftKings,-14.5,-14.5,58.5,58.5,-820.0,520.0
2026-09-05T12:21:07.504109-04:00,cfbd,401868119,Montana State,Butler,DraftKings,-45.5,-45.5,59.5,59.5,,
2026-09-05T12:21:07.504109-04:00,cfbd,401868306,Stephen F. Austin,East Texas A&M,DraftKings,-25.5,-25.5,56.5,56.5,-3900.0,1180.0
2026-09-05T12:21:07.504109-04:00,cfbd,401868967,Prairie View A&M,Texas Southern,DraftKings,-10.5,-10.5,54.5,54.5,-483.0,345.0
2026-09-05T12:21:07.504109-04:00,cfbd,401866626,Davidson,Elon,DraftKings,32.5,31.5,58.5,57.5,,
2026-09-05T12:21:07.504109-04:00,cfbd,401868000,Colgate,Holy Cross,DraftKings,-4.5,-4.5,49.5,47.5,-185.0,147.0
2026-09-05T12:21:07.504109-04:00,cfbd,401868071,Central Arkansas,West Florida,DraftKings,-7.5,-7.5,55.5,55.5,-296.0,227.0
2026-09-05T12:21:07.504109-04:00,cfbd,401866624,Monmouth,Sacred Heart,DraftKings,-12.5,-15.5,58.5,58.5,-640.0,432.0
2026-09-05T12:21:07.504109-04:00,cfbd,401868336,Chattanooga,Tennessee Tech,DraftKings,10.5,10.5,48.5,49.5,358.0,-504.0
2026-09-05T12:21:07.504109-04:00,cfbd,401868163,San Diego,UC Davis,DraftKings,14.5,15.5,57.5,57.5,490.0,-760.0
2026-09-05T12:21:07.504109-04:00,cfbd,401869127,Howard,Richmond,DraftKings,14.5,14.5,43.5,45.5,493.0,-760.0
2026-09-05T12:21:07.504109-04:00,cfbd,401867989,Bucknell,Villanova,DraftKings,26.5,26.5,54.5,56.5,1300.0,-5300.0
2026-09-05T12:21:07.504109-04:00,cfbd,401868111,Montana,Drake,DraftKings,-35.5,-34.5,60.5,57.5,,
2026-09-05T12:21:07.504109-04:00,cfbd,401866625,Campbell,Western Carolina,DraftKings,4.0,4.0,68.5,67.5,147.0,-184.0
2026-09-05T12:21:07.504109-04:00,cfbd,401868186,Wofford,Gardner-Webb,DraftKings,-8.5,-7.0,50.5,47.5,-300.0,230.0
2026-09-05T12:21:07.504109-04:00,cfbd,401867692,William & Mary,Delaware State,DraftKings,-9.5,-10.0,56.5,56.5,-410.0,301.0
2026-09-05T12:21:07.504109-04:00,cfbd,401864432,Nevada,Western Kentucky,DraftKings,1.5,4.5,51.5,,-108.0,-112.0
2026-09-05T12:21:07.504109-04:00,cfbd,401864432,Nevada,Western Kentucky,Bovada,-1.0,4.0,51.5,53.5,120.0,-140.0
2026-09-05T12:21:07.504109-04:00,cfbd,401858207,Pittsburgh,Miami (OH),Bovada,-16.0,-16.5,47.0,50.5,-800.0,525.0
2026-09-05T12:21:07.504109-04:00,cfbd,401858207,Pittsburgh,Miami (OH),DraftKings,-16.5,-16.5,47.5,,-850.0,575.0
2026-09-05T12:21:07.504109-04:00,cfbd,401867845,Western Illinois,Illinois State,DraftKings,23.5,23.5,59.5,59.5,1300.0,-5300.0
2026-09-05T12:21:07.504109-04:00,cfbd,401867875,North Dakota,St. Thomas (MN),DraftKings,-28.5,-27.5,53.5,52.5,,
2026-09-05T12:21:07.504109-04:00,cfbd,401864496,Air Force,Duquesne,Bovada,-28.5,-28.5,57.5,57.5,,
2026-09-05T12:21:07.504109-04:00,cfbd,401864496,Air Force,Duquesne,DraftKings,-31.5,-30.5,55.5,58.5,-6500.0,2000.0
2026-09-05T12:21:07.504109-04:00,cfbd,401868017,Georgetown,Lehigh,DraftKings,22.5,20.5,46.5,49.5,870.0,-1920.0
2026-09-05T12:21:07.504109-04:00,cfbd,401868274,Mercer,Presbyterian,DraftKings,-22.5,-21.5,54.5,56.5,-2100.0,920.0
2026-09-05T12:21:07.504109-04:00,cfbd,401862695,Memphis,Arkansas State,Bovada,-11.0,-10.5,53.0,55.5,-340.0,270.0
2026-09-05T12:21:07.504109-04:00,cfbd,401862695,Memphis,Arkansas State,DraftKings,-10.5,-10.5,52.5,,-425.0,330.0
2026-09-05T12:21:07.504109-04:00,cfbd,401858432,Ohio State,Ball State,DraftKings,-49.5,-49.5,55.5,,,
2026-09-05T12:21:07.504109-04:00,cfbd,401858432,Ohio State,Ball State,Bovada,-51.0,-50.5,56.5,56.5,,
2026-09-05T12:21:07.504109-04:00,cfbd,401856662,Mississippi State,UL Monroe,Bovada,-28.5,-28.5,55.0,55.5,-100000.0,2500.0
2026-09-05T12:21:07.504109-04:00,cfbd,401856662,Mississippi State,UL Monroe,DraftKings,-28.5,-28.5,54.5,,-4000.0,1600.0
2026-09-05T12:21:07.504109-04:00,cfbd,401856660,LSU,Clemson,Bovada,-9.5,-11.5,50.5,51.5,-480.0,350.0
2026-09-05T12:21:07.504109-04:00,cfbd,401856660,LSU,Clemson,DraftKings,-10.0,,50.5,,-380.0,300.0
2026-09-05T12:21:07.504109-04:00,cfbd,401856668,Texas A&M,Missouri State,Bovada,-40.5,-38.5,53.5,52.5,,
2026-09-05T12:21:07.504109-04:00,cfbd,401856668,Texas A&M,Missouri State,DraftKings,-40.5,-38.5,53.5,,,
2026-09-05T17:54:24.415966-04:00,cfbd,401856770,Texas Tech,Abilene Christian,DraftKings,-44.5,-42.5,60.5,59.5,,
2026-09-05T17:54:24.415966-04:00,cfbd,401856770,Texas Tech,Abilene Christian,Bovada,-44.5,-42.5,60.5,59.5,,
2026-09-05T17:54:24.415966-04:00,cfbd,401856771,Kansas State,Nicholls,DraftKings,-41.5,-40.5,54.5,55.5,,
2026-09-05T17:54:24.415966-04:00,cfbd,401856771,Kansas State,Nicholls,Bovada,-41.0,-40.5,55.0,54.5,,
2026-09-05T17:54:24.415966-04:00,cfbd,401858431,Northwestern,South Dakota State,DraftKings,-14.0,-12.5,49.5,46.5,-575.0,425.0
2026-09-05T17:54:24.415966-04:00,cfbd,401858431,Northwestern,South Dakota State,Bovada,-12.5,-12.5,48.5,46.0,-525.0,375.0
2026-09-05T17:54:24.415966-04:00,cfbd,401866411,Sacramento State,Mississippi Valley State,DraftKings,-37.5,-35.5,56.5,56.5,,
2026-09-05T17:54:24.415966-04:00,cfbd,401856775,BYU,Utah Tech,DraftKings,-50.5,-47.5,61.5,54.5,,
2026-09-05T17:54:24.415966-04:00,cfbd,401856775,BYU,Utah Tech,Bovada,-49.5,-51.5,61.0,61.0,,
2026-09-05T17:54:24.415966-04:00,cfbd,401868140,Jacksonville State,Eastern Kentucky,DraftKings,-22.5,-19.5,51.5,52.5,-2100.0,1100.0
2026-09-05T17:54:24.415966-04:00,cfbd,401868140,Jacksonville State,Eastern Kentucky,Bovada,-22.0,-21.0,53.0,53.5,-1600.0,800.0
2026-09-05T17:54:24.415966-04:00,cfbd,401868170,Georgia Southern,Charleston Southern,DraftKings,-28.5,-25.5,51.5,51.5,-5000.0,1800.0
2026-09-05T17:54:24.415966-04:00,cfbd,401868170,Georgia Southern,Charleston Southern,Bovada,-28.0,-25.5,52.5,51.5,-4000.0,1200.0
2026-09-05T17:54:24.415966-04:00,cfbd,401860880,Utah State,Idaho State,DraftKings,-15.5,-11.5,59.5,64.5,-650.0,470.0
2026-09-05T17:54:24.415966-04:00,cfbd,401860880,Utah State,Idaho State,Bovada,-14.5,-14.0,60.0,62.0,-600.0,425.0
2026-09-05T17:54:24.415966-04:00,cfbd,401862697,Rice,Houston Christian,DraftKings,-22.5,-24.5,47.5,47.5,-3600.0,1500.0
2026-09-05T17:54:24.415966-04:00,cfbd,401862697,Rice,Houston Christian,Bovada,-23.0,-22.5,47.5,47.5,-2000.0,950.0
2026-09-05T17:54:24.415966-04:00,cfbd,401869129,Louisiana Tech,Northwestern State,DraftKings,-44.5,-41.5,56.5,52.5,,
2026-09-05T17:54:24.415966-04:00,cfbd,401869129,Louisiana Tech,Northwestern State,Bovada,-44.5,-44.5,56.5,55.5,,
2026-09-05T17:54:24.415966-04:00,cfbd,401856773,Arizona,Northern Arizona,DraftKings,-31.5,-31.5,58.5,56.5,-6500.0,2000.0
2026-09-05T17:54:24.415966-04:00,cfbd,401856773,Arizona,Northern Arizona,Bovada,-31.5,-31.5,58.5,58.5,-10000.0,1600.0
2026-09-05T17:54:24.415966-04:00,cfbd,401858427,Maryland,Hampton,DraftKings,-45.5,-45.5,56.5,56.5,,
2026-09-05T17:54:24.415966-04:00,cfbd,401858427,Maryland,Hampton,Bovada,-45.5,-45.5,56.0,55.5,,
2026-09-05T17:54:24.415966-04:00,cfbd,401867973,Old Dominion,Norfolk State,DraftKings,-41.5,-41.5,52.5,55.5,,
2026-09-05T17:54:24.415966-04:00,cfbd,401867973,Old Dominion,Norfolk State,Bovada,-41.0,-41.0,52.0,52.5,,
2026-09-05T17:54:24.415966-04:00,cfbd,401856774,Arizona State,Morgan State,DraftKings,-43.5,-41.5,52.5,52.5,,
2026-09-05T17:54:24.415966-04:00,cfbd,401856774,Arizona State,Morgan State,Bovada,-45.0,-45.0,52.5,52.5,,
2026-09-05T17:54:24.415966-04:00,cfbd,401869142,Louisiana,Lamar,DraftKings,-20.5,-18.5,48.5,48.5,-1200.0,750.0
2026-09-05T17:54:24.415966-04:00,cfbd,401869142,Louisiana,Lamar,Bovada,-20.0,-20.0,48.5,48.5,-1400.0,750.0
2026-09-05T17:54:24.415966-04:00,cfbd,401868316,South Alabama,SE Louisiana,DraftKings,-13.5,-12.5,53.5,52.5,-575.0,425.0
2026-09-05T17:54:24.415966-04:00,cfbd,401868316,South Alabama,SE Louisiana,Bovada,-14.0,-12.5,53.5,52.5,-510.0,370.0
2026-09-05T17:54:24.415966-04:00,cfbd,401860879,San Diego State,Portland State,DraftKings,-39.5,-38.5,62.5,57.5,,
2026-09-05T17:54:24.415966-04:00,cfbd,401860879,San Diego State,Portland State,Bovada,-40.5,-40.5,62.0,62.0,,
2026-09-05T17:54:24.415966-04:00,cfbd,401856669,Vanderbilt,Austin Peay,DraftKings,-28.5,-30.5,58.5,61.5,-6500.0,2000.0
2026-09-05T17:54:24.415966-04:00,cfbd,401856669,Vanderbilt,Austin Peay,Bovada,-29.0,-29.0,59.0,60.5,-6000.0,1325.0
2026-09-05T17:54:24.415966-04:00,cfbd,401867866,Middle Tennessee,Murray State,DraftKings,-22.5,-20.5,55.5,59.5,-1800.0,1000.0
2026-09-05T17:54:24.415966-04:00,cfbd,401867866,Middle Tennessee,Murray State,Bovada,-22.5,-21.0,56.0,57.5,-1800.0,850.0
2026-09-05T17:54:24.415966-04:00,cfbd,401858211,Virginia Tech,VMI,DraftKings,-53.5,-50.5,59.5,57.5,,
2026-09-05T17:54:24.415966-04:00,cfbd,401858211,Virginia Tech,VMI,Bovada,-54.5,-55.5,62.0,62.0,,
2026-09-05T17:54:24.415966-04:00,cfbd,401870790,New Mexico State,Mercyhurst,DraftKings,-29.5,-24.5,52.5,50.5,-8000.0,2200.0
2026-09-05T17:54:24.415966-04:00,cfbd,401870790,New Mexico State,Mercyhurst,Bovada,-28.5,-28.5,52.0,52.0,,
2026-09-05T17:54:24.415966-04:00,cfbd,401858437,Washington,Washington State,DraftKings,-23.5,-21.5,51.5,,-2400.0,1200.0
2026-09-05T17:54:24.415966-04:00,cfbd,401858437,Washington,Washington State,Bovada,-23.0,-21.5,51.0,50.5,-2200.0,1000.0
2026-09-05T17:54:24.415966-04:00,cfbd,401858428,Michigan,Western Michigan,Bovada,-27.5,-26.5,49.5,47.5,-7000.0,1300.0
2026-09-05T17:54:24.415966-04:00,cfbd,401858428,Michigan,Western Michigan,DraftKings,-27.5,-26.5,49.5,,-6500.0,2000.0
2026-09-05T17:54:24.415966-04:00,cfbd,401864498,New Mexico,Central Michigan,Bovada,-11.0,-12.5,47.0,49.0,-575.0,400.0
2026-09-05T17:54:24.415966-04:00,cfbd,401864498,New Mexico,Central Michigan,DraftKings,-10.5,-12.5,47.5,,-440.0,340.0
2026-09-05T17:54:24.415966-04:00,cfbd,401864497,Hawai'i,UNLV,Bovada,3.0,1.5,55.5,58.5,130.0,-150.0
2026-09-05T17:54:24.415966-04:00,cfbd,401864497,Hawai'i,UNLV,DraftKings,3.0,1.5,55.5,,130.0,-155.0
2026-09-05T17:54:24.415966-04:00,cfbd,401862699,South Florida,Florida International,Bovada,-14.5,-12.5,53.0,54.5,-460.0,340.0
2026-09-05T17:54:24.415966-04:00,cfbd,401862699,South Florida,Florida International,DraftKings,-14.5,-12.5,53.5,,-650.0,470.0
2026-09-05T17:54:24.415966-04:00,cfbd,401870763,Troy,Sam Houston,Bovada,-16.5,-17.0,53.0,50.5,-1300.0,725.0
2026-09-05T17:54:24.415966-04:00,cfbd,401870763,Troy,Sam Houston,DraftKings,-16.5,-17.5,52.5,,-850.0,575.0
2026-09-05T17:54:24.415966-04:00,cfbd,401860878,Colorado State,Wyoming,DraftKings,-2.5,-4.0,46.5,,-142.0,120.0
2026-09-05T17:54:24.415966-04:00,cfbd,401860878,Colorado State,Wyoming,Bovada,-3.0,-4.0,46.5,47.5,-180.0,155.0
2026-09-05T17:54:24.415966-04:00,cfbd,401858210,California,UCLA,Bovada,2.5,-3.5,53.5,53.5,110.0,-130.0
2026-09-05T17:54:24.415966-04:00,cfbd,401858210,California,UCLA,DraftKings,2.5,-1.5,53.5,,120.0,-142.0
2026-09-05T17:54:24.415966-04:00,cfbd,401856637,Florida,Florida Atlantic,Bovada,-26.5,-25.5,59.5,56.5,-6500.0,1300.0
2026-09-05T17:54:24.415966-04:00,cfbd,401856637,Florida,Florida Atlantic,DraftKings,-25.5,-25.5,59.5,,-2400.0,1200.0
2026-09-05T17:54:24.415966-04:00,cfbd,401867883,Northern Colorado,South Dakota,DraftKings,20.5,20.5,56.5,56.5,920.0,-2100.0
2026-09-05T17:54:24.415966-04:00,cfbd,401868158,Southern Utah,Weber State,DraftKings,-14.5,-14.5,58.5,58.5,-820.0,520.0
2026-09-05T17:54:24.415966-04:00,cfbd,401868119,Montana State,Butler,DraftKings,-45.5,-45.5,59.5,59.5,,
2026-09-05T17:54:24.415966-04:00,cfbd,401867939,Florida A&M,South Carolina State,DraftKings,19.5,17.5,55.5,,740.0,-1440.0
2026-09-05T17:54:24.415966-04:00,cfbd,401868967,Prairie View A&M,Texas Southern,DraftKings,-10.5,-10.5,54.5,54.5,-483.0,345.0
2026-09-05T17:54:24.415966-04:00,cfbd,401866626,Davidson,Elon,DraftKings,32.5,31.5,58.5,57.5,,
2026-09-05T17:54:24.415966-04:00,cfbd,401868071,Central Arkansas,West Florida,DraftKings,-7.5,-7.5,55.5,55.5,-296.0,227.0
2026-09-05T17:54:24.415966-04:00,cfbd,401868336,Chattanooga,Tennessee Tech,DraftKings,10.5,10.5,48.5,49.5,358.0,-504.0
2026-09-05T17:54:24.415966-04:00,cfbd,401868163,San Diego,UC Davis,DraftKings,14.5,15.5,54.5,57.5,509.0,-800.0
2026-09-05T17:54:24.415966-04:00,cfbd,401868085,Eastern Washington,Northern Iowa,DraftKings,-7.0,-6.5,52.5,52.5,-280.0,216.0
2026-09-05T17:54:24.415966-04:00,cfbd,401868306,Stephen F. Austin,East Texas A&M,DraftKings,-23.5,-25.5,55.5,56.5,-3300.0,1100.0
2026-09-05T17:54:24.415966-04:00,cfbd,401867989,Bucknell,Villanova,DraftKings,22.5,26.5,54.5,56.5,1160.0,-3700.0
2026-09-05T17:54:24.415966-04:00,cfbd,401867684,UT Martin,Chicago State,DraftKings,-45.5,-44.5,61.5,61.5,,
2026-09-05T17:54:24.415966-04:00,cfbd,401869127,Howard,Richmond,DraftKings,14.0,14.5,43.5,45.5,453.0,-680.0
2026-09-05T17:54:24.415966-04:00,cfbd,401867692,William & Mary,Delaware State,DraftKings,-9.5,-10.0,54.5,56.5,-348.0,262.0
2026-09-05T17:54:24.415966-04:00,cfbd,401864432,Nevada,Western Kentucky,DraftKings,1.5,4.5,51.5,,-108.0,-112.0
2026-09-05T17:54:24.415966-04:00,cfbd,401864432,Nevada,Western Kentucky,Bovada,-1.0,4.0,51.5,53.5,120.0,-140.0
2026-09-05T17:54:24.415966-04:00,cfbd,401867845,Western Illinois,Illinois State,DraftKings,20.5,23.5,58.5,59.5,990.0,-2500.0
2026-09-05T17:54:24.415966-04:00,cfbd,401868274,Mercer,Presbyterian,DraftKings,-22.5,-21.5,54.5,56.5,-2100.0,920.0
2026-09-05T17:54:24.415966-04:00,cfbd,401862695,Memphis,Arkansas State,Bovada,-10.5,-10.5,52.0,55.5,-340.0,270.0
2026-09-05T17:54:24.415966-04:00,cfbd,401862695,Memphis,Arkansas State,DraftKings,-10.5,-10.5,52.5,,-425.0,330.0
2026-09-05T17:54:24.415966-04:00,cfbd,401856660,LSU,Clemson,Bovada,-10.0,-11.5,50.0,51.5,-480.0,350.0
2026-09-05T17:54:24.415966-04:00,cfbd,401856660,LSU,Clemson,DraftKings,-10.0,,49.5,,-360.0,285.0
2026-09-05T17:54:24.415966-04:00,cfbd,401856662,Mississippi State,UL Monroe,Bovada,-28.5,-28.5,55.0,55.5,-100000.0,2500.0
2026-09-05T17:54:24.415966-04:00,cfbd,401856662,Mississippi State,UL Monroe,DraftKings,-28.5,-28.5,54.5,,-4000.0,1600.0
2026-09-05T17:54:24.415966-04:00,cfbd,401856668,Texas A&M,Missouri State,Bovada,-40.5,-38.5,53.5,52.5,,
2026-09-05T17:54:24.415966-04:00,cfbd,401856668,Texas A&M,Missouri State,DraftKings,-40.5,-38.5,53.5,,,
