game_id,home_team,away_team,home_points,away_points,total_points,margin,provider,closing_spread,ats_result,closing_ou,ou_result,home_ml,ml_result
401906048,Tusculum,Bluefield State,42,7,49,35,none,,,,,,
401906139,Virginia State,Barton,44,17,61,27,none,,,,,,
401867894,Youngstown State,Mercyhurst,43,10,53,33,Draft Kings,-30.5,home_cover,57.5,under,,home_win
401896383,Morehead State,Ohio Dominican,40,42,82,-2,none,,,,,,
401906193,UNC Pembroke,Wingate,21,13,34,8,none,,,,,,
401866532,Towson,Maine,18,21,39,-3,Draft Kings,-2.5,away_cover,46.5,under,,away_win
401866615,Delaware State,Stony Brook,41,34,75,7,Draft Kings,4.5,home_cover,50.5,over,,home_win
401907643,Slippery Rock,Minnesota Duluth,45,43,88,2,none,,,,,,
401907002,Charleston (WV),Grand Valley State,10,38,48,-28,none,,,,,,
401907346,Texas Wesleyan,Central Oklahoma,7,59,66,-52,none,,,,,,
401866614,Elon,Glenville State,42,7,49,35,none,,,,,,
401868315,SE Louisiana,Houston Christian,28,34,62,-6,Draft Kings,-24.5,away_cover,51.5,over,,away_win
401907110,Sioux Falls,Black Hills State,21,24,45,-3,none,,,,,,
401906993,Bemidji State,Michigan Tech,29,31,60,-2,none,,,,,,
401874035,West Florida,Southern Illinois,34,31,65,3,Draft Kings,19.5,home_cover,55.5,over,,home_win
401868962,Nicholls,Mississippi Valley State,44,10,54,34,Draft Kings,-28.5,home_cover,51.5,over,,home_win
401868204,Western Illinois,Northwestern (IA),65,14,79,51,none,,,,,,
401906620,West Liberty,Walsh,27,30,57,-3,none,,,,,,
401868240,West Georgia,Chattanooga,10,24,34,-14,Draft Kings,3.5,away_cover,50.5,under,,away_win
401906902,Saginaw Valley State,McKendree,48,24,72,24,none,,,,,,
401907381,Nebraska Kearney,Wayne State (NE),20,21,41,-1,none,,,,,,
401867865,Murray State,Eastern Illinois,14,28,42,-14,Draft Kings,-4.5,away_cover,49.5,under,,away_win
401906602,Valdosta State,Emory & Henry,38,10,48,28,none,,,,,,
401907356,Minot State,Emporia State,30,36,66,-6,none,,,,,,
401896384,Davidson,Concord,35,41,76,-6,none,,,,,,
401868169,Lindenwood,Charleston Southern,20,17,37,3,Draft Kings,-7.5,away_cover,45.5,under,,home_win
401907239,Southwest Baptist,William Woods,63,6,69,57,none,,,,,,
401868060,Austin Peay,Gardner-Webb,35,17,52,18,Draft Kings,-14.5,home_cover,59.5,under,,home_win
401868373,Furman,Anderson (SC),20,3,23,17,none,,,,,,
401907120,Northern State,Chadron State,42,17,59,25,none,,,,,,
401906631,Carson Newman,Tiffin,41,38,79,3,none,,,,,,
401868273,Presbyterian,UVA Wise,47,37,84,10,none,,,,,,
401868279,St. Thomas (MN),Winona State,15,9,24,6,none,,,,,,
401906943,Minnesota St Moorhead,Northern Michigan,41,19,60,22,none,,,,,,
401868254,Drake,South Dakota Mines,35,38,73,-3,none,,,,,,
401868070,UT Martin,Central Arkansas,24,36,60,-12,Draft Kings,-3.0,away_cover,50.5,over,,away_win
401907234,Concordia St. Paul,Quincy,38,21,59,17,none,,,,,,
401907129,Colorado Mesa,Minnesota State,14,38,52,-24,none,,,,,,
401907161,West Texas,Western Colorado,21,52,73,-31,none,,,,,,
401907099,Adams State,Western New Mexico,45,62,107,-17,none,,,,,,
401907724,Southwest Minnesota State,Valley City State,10,7,17,3,none,,,,,,
401907376,Missouri Western,Augustana (SD),58,63,121,-5,none,,,,,,
401869128,Northwestern State,Louisiana Christian,37,42,79,-5,none,,,,,,
401867874,North Dakota,Long Island University,42,21,63,21,Draft Kings,-27.5,away_cover,44.5,over,,home_win
401907144,CSU Pueblo,Central Missouri,44,25,69,19,none,,,,,,
401907275,Angelo State,Fort Hays,14,35,49,-21,none,,,,,,
401907007,Pittsburg State,Ferris State,14,42,56,-28,none,,,,,,
401907155,New Mexico Highlands,Eastern New Mexico,35,34,69,1,none,,,,,,
401907702,University of Mary,Rocky Mountain,10,23,33,-13,none,,,,,,
401868261,New Haven,Marist,22,21,43,1,Draft Kings,-2.5,away_cover,46.5,under,,home_win
401868261,New Haven,Marist,22,21,43,1,DraftKings,-2.5,away_cover,46.5,under,-145.0,home_win
401866617,Merrimack,Rhode Island,7,34,41,-27,Draft Kings,21.0,away_cover,47.5,under,,away_win
401866617,Merrimack,Rhode Island,7,34,41,-27,DraftKings,20.5,away_cover,47.5,under,890.0,away_win
401868007,Fordham,Colgate,14,24,38,-10,Draft Kings,8.5,away_cover,55.5,under,,away_win
401868007,Fordham,Colgate,14,24,38,-10,DraftKings,8.5,away_cover,55.5,under,242.0,away_win
401906145,Lenoir Rhyne,Virginia Union,45,3,48,42,none,,,,,,
401868040,Villanova,William & Mary,32,35,67,-3,Draft Kings,-12.5,away_cover,47.5,over,,away_win
401868040,Villanova,William & Mary,32,35,67,-3,DraftKings,-12.5,away_cover,47.5,over,-700.0,away_win
401866616,UAlbany,New Hampshire,28,14,42,14,Draft Kings,10.0,home_cover,46.5,under,,home_win
401866616,UAlbany,New Hampshire,28,14,42,14,DraftKings,10.0,home_cover,46.5,under,268.0,home_win
401868129,Northern Colorado,Weber State,29,30,59,-1,Draft Kings,-3.0,away_cover,50.5,over,,away_win
401868129,Northern Colorado,Weber State,29,30,59,-1,DraftKings,-3.0,away_cover,50.5,over,-161.0,away_win
401868073,Cal Poly,Idaho,38,34,72,4,Draft Kings,5.5,home_cover,53.5,over,,home_win
401868073,Cal Poly,Idaho,38,34,72,4,DraftKings,5.5,home_cover,53.5,over,172.0,home_win
401906641,Wheeling,Thomas More,27,10,37,17,none,,,,,,
401906177,West Virginia State,Chowan,56,24,80,32,none,,,,,,
401867916,Wagner,Robert Morris,7,28,35,-21,Draft Kings,-5.5,away_cover,40.5,under,,away_win
401867916,Wagner,Robert Morris,7,28,35,-21,DraftKings,-5.5,away_cover,40.5,under,-223.0,away_win
401868792,Dayton,Fairmont State,43,20,63,23,none,,,,,,
401856766,TCU,North Carolina,10,15,25,-5,Bovada,-7.5,away_cover,46.0,under,-235.0,away_win
401856766,TCU,North Carolina,10,15,25,-5,Draft Kings,-7.5,away_cover,46.5,under,,away_win
401856766,TCU,North Carolina,10,15,25,-5,DraftKings,-7.5,away_cover,46.5,under,-310.0,away_win
401907012,Davenport,Gannon,32,20,52,12,none,,,,,,
401906205,Shorter,Andrew,20,24,44,-4,none,,,,,,
401907576,West Virginia Wesleyan,Post,31,13,44,18,none,,,,,,
401868209,Butler,Georgetown College Kentucky,27,23,50,4,none,,,,,,
401869156,Chicago State,Roosevelt,28,44,72,-16,none,,,,,,
401907454,American International,Monroe,17,3,20,14,none,,,,,,
401907631,Shippensburg,Lock Haven,16,24,40,-8,none,,,,,,
401907137,Colorado School of Mines,Western Oregon,20,22,42,-2,none,,,,,,
401867882,South Dakota,Central Connecticut,59,20,79,39,Draft Kings,-20.5,home_cover,49.5,over,,home_win
401867882,South Dakota,Central Connecticut,59,20,79,39,DraftKings,-21.5,home_cover,49.5,over,-3900.0,home_win
401868288,Valparaiso,Lawrence Tech,59,13,72,46,none,,,,,,
401864494,USC,San José State,42,26,68,16,Bovada,-37.0,away_cover,60.5,over,-100000.0,home_win
401864494,USC,San José State,42,26,68,16,DraftKings,-37.5,away_cover,61.5,over,-100000.0,home_win
401868324,Alabama State,Southern,30,17,47,13,DraftKings,-19.5,away_cover,56.5,under,-1760.0,home_win
401906949,Central State,Kentucky State,14,41,55,-27,none,,,,,,
401907246,Upper Iowa,Jamestown,30,13,43,17,none,,,,,,
401868154,Portland State,UC Davis,24,31,55,-7,DraftKings,25.5,home_cover,60.5,under,1300.0,away_win
401858202,Virginia,NC State,34,8,42,26,Bovada,-4.0,home_cover,50.5,under,-145.0,home_win
401858202,Virginia,NC State,34,8,42,26,DraftKings,-4.0,home_cover,50.5,under,-185.0,home_win
401868022,Holy Cross,Lehigh,10,35,45,-25,DraftKings,14.0,away_cover,47.5,under,509.0,away_win
401906157,Benedict,Johnson C. Smith,32,10,42,22,none,,,,,,
401868084,Northern Arizona,Eastern Washington,34,27,61,7,DraftKings,-5.5,home_cover,55.5,over,-242.0,home_win
401864577,North Dakota State,Jacksonville State,33,7,40,26,Bovada,-7.0,home_cover,46.5,under,-330.0,home_win
401864577,North Dakota State,Jacksonville State,33,7,40,26,DraftKings,-6.5,home_cover,46.5,under,-265.0,home_win
401866620,East Tennessee State,Campbell,37,49,86,-12,DraftKings,-7.0,away_cover,56.5,over,-267.0,away_win
401868394,Wofford,The Citadel,42,14,56,28,DraftKings,-7.5,home_cover,45.5,over,-415.0,home_win
401867982,South Carolina State,Savannah State,87,0,87,87,none,,,,,,
401907403,Ferrum,Catawba,7,13,20,-6,none,,,,,,
401867988,Richmond,Bucknell,35,14,49,21,DraftKings,-12.5,home_cover,48.5,over,-620.0,home_win
401868101,Idaho State,VMI,38,10,48,28,DraftKings,-34.5,away_cover,53.5,under,,home_win
401866618,North Carolina A&T,Morgan State,7,17,24,-10,DraftKings,7.0,away_cover,49.5,under,210.0,away_win
401866619,Stonehill,Bryant,6,24,30,-18,DraftKings,4.5,away_cover,45.5,under,153.0,away_win
401866613,Hampton,Virginia Lynchburg,45,0,45,45,none,,,,,,
401906956,Edward Waters,Florida Memorial University,42,28,70,14,none,,,,,,
401906162,Livingstone,Allen,16,37,53,-21,none,,,,,,
401906151,Fayetteville State,Shaw,33,20,53,13,none,,,,,,
401867855,Indiana State,Southeast Missouri State,21,23,44,-2,DraftKings,-2.5,away_cover,52.5,under,-143.0,away_win
401867972,Norfolk State,Winston-Salem State,56,0,56,56,none,,,,,,
401866408,Eastern Michigan,Sacramento State,28,17,45,11,Bovada,-9.0,home_cover,53.0,under,-330.0,home_win
401866408,Eastern Michigan,Sacramento State,28,17,45,11,DraftKings,-8.5,home_cover,52.5,under,-355.0,home_win
401868149,North Alabama,Samford,22,10,32,12,DraftKings,-7.0,home_cover,55.5,under,-313.0,home_win
401874042,Mercer,East Texas A&M,23,15,38,8,DraftKings,-22.5,away_cover,57.5,under,-3200.0,home_win
401913104,Incarnate Word,Oklahoma Panhandle,76,14,90,62,none,,,,,,
401868952,Grambling,Clark Atlanta,49,7,56,42,none,,,,,,
401868139,Western Carolina,Eastern Kentucky,45,21,66,24,DraftKings,-3.0,home_cover,54.5,over,-152.0,home_win
401907243,Truman State,Washburn,21,27,48,-6,none,,,,,,
401868305,McNeese,Stephen F. Austin,27,38,65,-11,DraftKings,12.5,home_cover,49.5,over,328.0,away_win
401891332,Illinois State,St. Francis (IL),76,0,76,76,none,,,,,,
401867977,Texas Southern,North Carolina Central,42,30,72,12,DraftKings,10.5,home_cover,51.5,over,328.0,home_win
401866621,Tennessee Tech,Monmouth,38,14,52,24,DraftKings,-8.5,home_cover,58.5,under,-340.0,home_win
401907297,Midwestern State,Missouri Southern State,30,23,53,7,none,,,,,,
401896385,Alcorn State,Miles,56,7,63,49,none,,,,,,
401868049,Lamar,Abilene Christian,21,14,35,7,DraftKings,7.5,home_cover,49.5,under,232.0,home_win
401868948,Florida A&M,Albany State,20,7,27,13,none,,,,,,
401858201,Stanford,Hawai'i,37,27,64,10,Bovada,-4.5,home_cover,48.5,over,-170.0,home_win
401858201,Stanford,Hawai'i,37,27,64,10,DraftKings,-4.5,home_cover,48.5,over,-198.0,home_win
401868934,Arkansas-Pine Bluff,Morehouse,35,15,50,20,none,,,,,,
401872615,South Dakota State,Stetson,70,7,77,63,DraftKings,-50.5,home_cover,58.5,over,,home_win
401907204,Lincoln (MO),Central Methodist,27,11,38,16,none,,,,,,
401864570,Florida State,New Mexico State,34,17,51,17,Bovada,-31.0,away_cover,53.5,under,-100000.0,home_win
401864570,Florida State,New Mexico State,34,17,51,17,DraftKings,-30.5,away_cover,53.5,under,-6500.0,home_win
401867935,Howard,Alabama A&M,31,24,55,7,DraftKings,-1.5,home_cover,46.5,over,-124.0,home_win
401868245,UT Rio Grande Valley,UT Permian Basin,44,0,44,44,none,,,,,,
401907308,Texas A&M-Kingsville,Northwest Missouri State,3,48,51,-45,none,,,,,,
401868194,Tennessee State,Jackson State,24,26,50,-2,DraftKings,12.5,home_cover,49.5,over,435.0,away_win
401868110,Montana,Southern Utah,28,21,49,7,DraftKings,-15.5,away_cover,59.5,under,-1080.0,home_win
401868235,Tarleton State,Prairie View A&M,49,30,79,19,DraftKings,-19.5,away_cover,54.5,over,-1540.0,home_win
401862693,UNLV,Memphis,21,27,48,-6,Bovada,-4.0,away_cover,56.0,under,-170.0,away_win
401862693,UNLV,Memphis,21,27,48,-6,DraftKings,-4.0,away_cover,55.5,under,-198.0,away_win
401868118,Utah Tech,Montana State,0,54,54,-54,DraftKings,32.5,away_cover,57.5,under,,away_win
401906596,Tuskegee,West Alabama,17,27,44,-10,none,,,,,,
401908891,Montclair State,Merchant Marine,24,41,65,-17,none,,,,,,
401907412,Carson Newman,Thomas,44,0,44,44,none,,,,,,
401868269,Morehead State,Kentucky Christian,75,24,99,51,none,,,,,,
401858423,Rutgers,Massachusetts,21,37,58,-16,Bovada,-29.0,away_cover,53.0,over,,away_win
401858423,Rutgers,Massachusetts,21,37,58,-16,DraftKings,-29.5,away_cover,53.5,over,-6500.0,away_win
401907493,Fairmont State,Bloomsburg,13,35,48,-22,none,,,,,,
401907484,Assumption,Kutztown,35,56,91,-21,none,,,,,,
401907526,Clarion,West Virginia Wesleyan,52,14,66,38,none,,,,,,
401907610,Glenville State,Millersville,24,21,45,3,none,,,,,,
401906880,Wayne State (MI),Northwood,0,52,52,-52,none,,,,,,
401867889,Samford,Southern Illinois,18,22,40,-4,DraftKings,20.5,home_cover,54.5,under,730.0,away_win
401906553,Southern Nazarene,Henderson State,21,57,78,-36,none,,,,,,
401864424,Delaware,Merrimack,42,7,49,35,DraftKings,-31.5,home_cover,56.5,under,-8000.0,home_win
401907995,Wisconsin River Falls,Southern Virginia,73,7,80,66,none,,,,,,
401866409,Buffalo,UAlbany,21,17,38,4,DraftKings,-18.5,away_cover,47.5,under,-1000.0,home_win
401866622,Stony Brook,Lindenwood,36,32,68,4,DraftKings,-4.0,push,50.5,over,-189.0,home_win
401906526,Arkansas Monticello,Southeastern Oklahoma State,12,21,33,-9,none,,,,,,
401907666,Trine,Chicago,48,34,82,14,none,,,,,,
401906545,Harding,Northwestern (OK),76,0,76,76,none,,,,,,
401858204,Wake Forest,Akron,38,16,54,22,Bovada,-27.5,away_cover,50.5,over,-3500.0,home_win
401858204,Wake Forest,Akron,38,16,54,22,DraftKings,-27.5,away_cover,50.5,over,-2800.0,home_win
401907727,Minot State,Wayne State (NE),28,35,63,-7,none,,,,,,
401856767,UCF,Bethune-Cookman,73,6,79,67,DraftKings,-43.5,home_cover,58.5,over,,home_win
401908216,Ohio Wesleyan,Bluffton,54,9,63,45,none,,,,,,
401906649,Edinboro,Ohio Dominican,38,36,74,2,none,,,,,,
401907677,Minnesota St Moorhead,Concordia St. Paul,48,30,78,18,none,,,,,,
401906603,Valdosta State,Warner,59,10,69,49,none,,,,,,
401907871,Brockport,Buffalo State,68,0,68,68,none,,,,,,
401907644,Minnesota Duluth,Augustana (SD),30,23,53,7,none,,,,,,
401864425,Kennesaw State,West Georgia,47,0,47,47,DraftKings,-22.5,home_cover,50.5,under,-3600.0,home_win
401906877,Ashland,IU Pennsylvania,24,34,58,-10,none,,,,,,
401907003,Grand Valley State,West Texas,56,14,70,42,none,,,,,,
401908854,Wooster,Wilmington (OH),19,22,41,-3,none,,,,,,
401907697,Northern State,Winona State,31,16,47,15,none,,,,,,
401907337,Central Missouri,Missouri Western,49,10,59,39,none,,,,,,
401907162,Western Colorado,Angelo State,23,21,44,2,none,,,,,,
401858422,Minnesota,Eastern Illinois,59,7,66,52,DraftKings,-42.5,home_cover,52.5,over,,home_win
401907121,Chadron State,Nebraska Kearney,24,21,45,3,none,,,,,,
401906515,Arkansas Tech,Southwestern Oklahoma State,26,20,46,6,none,,,,,,
401907156,Western New Mexico,New Mexico Highlands,32,55,87,-23,none,,,,,,
401908386,Millsaps,Belhaven,36,20,56,16,none,,,,,,
401856663,Missouri,Arkansas-Pine Bluff,54,14,68,40,DraftKings,-55.5,away_cover,61.5,over,,home_win
401906536,Ouachita Baptist,East Central,17,27,44,-10,none,,,,,,
401873393,Beloit,Rockford,14,12,26,2,none,,,,,,
401856776,Georgia Tech,Colorado,13,14,27,-1,Bovada,-6.5,away_cover,52.5,under,-290.0,away_win
401856776,Georgia Tech,Colorado,13,14,27,-1,DraftKings,-6.5,away_cover,52.5,under,-238.0,away_win
401906566,Oklahoma Baptist,Southern Arkansas,38,20,58,18,none,,,,,,
401907145,Fort Hays,CSU Pueblo,17,35,52,-18,none,,,,,,
401858424,Illinois,UAB,42,23,65,19,Bovada,-26.5,away_cover,54.5,over,-8000.0,home_win
401858424,Illinois,UAB,42,23,65,19,DraftKings,-26.5,away_cover,54.5,over,-4500.0,home_win
401856768,Utah,Idaho,66,14,80,52,DraftKings,-37.5,home_cover,59.5,over,-100000.0,home_win
401908331,Dickinson,Randolph Macon,27,14,41,13,none,,,,,,
401908162,Albright,Gallaudet,44,7,51,37,none,,,,,,
401908537,Nichols,MIT,7,35,42,-28,none,,,,,,
401908318,Rowan,Mary Hardin Baylor,14,35,49,-21,none,,,,,,
401907008,Ferris State,Bentley,38,3,41,35,none,,,,,,
401908094,Methodist,Shenandoah,3,30,33,-27,none,,,,,,
401906610,Keystone,Alvernia,25,21,46,4,none,,,,,,
401864495,Eastern Michigan,San José State,21,27,48,-6,Bovada,-3.0,away_cover,56.0,under,-170.0,away_win
401864495,Eastern Michigan,San José State,21,27,48,-6,DraftKings,-1.5,away_cover,55.5,under,-115.0,away_win
401907966,Misericordia,Hartwick,42,14,56,28,none,,,,,,
401908517,Springfield,Western New England,42,28,70,14,none,,,,,,
401908309,Stevenson,Bridgewater,17,0,17,17,none,,,,,,
401908181,Ursinus,Delaware Valley,17,14,31,3,none,,,,,,
401907537,Pace,East Stroudsburg,26,37,63,-11,none,,,,,,
401908263,Franklin & Marshall,Lebanon Valley,31,7,38,24,none,,,,,,
401907736,Rochester (NY),Case Western Reserve,20,38,58,-18,none,,,,,,
401908690,Norwich,St. Lawrence,10,18,28,-8,none,,,,,,
401866623,Georgia State,North Carolina A&T,59,10,69,49,Bovada,-28.0,home_cover,61.0,over,,home_win
401866623,Georgia State,North Carolina A&T,59,10,69,49,DraftKings,-28.5,home_cover,58.5,over,-4000.0,home_win
401858435,Purdue,Indiana State,44,19,63,25,Bovada,-35.5,away_cover,56.0,over,,home_win
401858435,Purdue,Indiana State,44,19,63,25,DraftKings,-34.5,away_cover,55.5,over,,home_win
401868262,Marist,Franklin Pierce,27,18,45,9,none,,,,,,
401908606,UMass Dartmouth,Salve Regina,13,21,34,-8,none,,,,,,
401907862,Hobart,Alfred,24,17,41,7,none,,,,,,
401858429,Michigan State,Toledo,30,20,50,10,Bovada,-10.5,away_cover,47.5,over,-410.0,home_win
401858429,Michigan State,Toledo,30,20,50,10,DraftKings,-10.0,push,48.5,over,-395.0,home_win
401907818,Carthage,Lakeland,23,14,37,9,none,,,,,,
401856664,Oklahoma,UTEP,51,0,51,51,Bovada,-41.5,home_cover,51.5,under,,home_win
401856664,Oklahoma,UTEP,51,0,51,51,DraftKings,-40.5,home_cover,51.5,under,,home_win
401856769,Kansas,Long Island University,51,6,57,45,Bovada,-42.0,home_cover,54.5,over,,home_win
401856769,Kansas,Long Island University,51,6,57,45,DraftKings,-43.5,home_cover,56.5,over,,home_win
401858206,Stanford,Miami,6,45,51,-39,Bovada,23.5,away_cover,48.0,over,1100.0,away_win
401858206,Stanford,Miami,6,45,51,-39,DraftKings,24.5,away_cover,46.5,over,1600.0,away_win
401858436,USC,Fresno State,39,0,39,39,Bovada,-21.5,home_cover,51.5,under,-3500.0,home_win
401858436,USC,Fresno State,39,0,39,39,DraftKings,-22.5,home_cover,51.5,under,-2400.0,home_win
401908292,Pacific (OR),Howard Payne,0,49,49,-49,none,,,,,,
401907138,Washburn,Colorado School of Mines,16,16,32,0,none,,,,,,
401868284,Stetson,Webber International,45,10,55,35,none,,,,,,
401908514,Minnesota Morris,Concordia Chicago,19,52,71,-33,none,,,,,,
401908508,Martin Luther,Macalester,21,34,55,-13,none,,,,,,
401908470,Crown,Hamline,21,31,52,-10,none,,,,,,
401856778,Houston,Oregon State,33,20,53,13,Bovada,-21.0,away_cover,49.5,over,-1300.0,home_win
401856778,Houston,Oregon State,33,20,53,13,DraftKings,-21.0,away_cover,50.5,over,-1800.0,home_win
401908091,Utica,Washington & Jefferson,26,11,37,15,none,,,,,,
401907832,Albion,Illinois Wesleyan,10,24,34,-14,none,,,,,,
401862701,Army,Bryant,59,3,62,56,DraftKings,-36.5,home_cover,50.5,over,,home_win
401861962,UConn,Lafayette,56,7,63,49,DraftKings,-19.5,home_cover,51.5,over,-1350.0,home_win
401907843,North Central College,Bethel (MN),44,21,65,23,none,,,,,,
401867928,Wagner,Southern Connecticut State,31,7,38,24,none,,,,,,
401856780,West Virginia,Coastal Carolina,31,24,55,7,Bovada,-21.0,away_cover,56.0,under,-1725.0,home_win
401856780,West Virginia,Coastal Carolina,31,24,55,7,DraftKings,-21.0,away_cover,54.5,over,-1450.0,home_win
401867924,New Haven,Stonehill,3,21,24,-18,DraftKings,-7.0,away_cover,41.5,under,-273.0,away_win
401908530,Coast Guard,New England,49,35,84,14,none,,,,,,
401858425,Indiana,North Texas,52,16,68,36,Bovada,-41.0,away_cover,57.0,over,,home_win
401858425,Indiana,North Texas,52,16,68,36,DraftKings,-40.5,away_cover,56.5,over,,home_win
401908557,Plymouth State,New England College,28,14,42,14,none,,,,,,
401907826,Elmhurst,Illinois College,13,28,41,-15,none,,,,,,
401909005,Wabash,Hampden Sydney,29,20,49,9,none,,,,,,
401908738,Otterbein,Calvin,21,53,74,-32,none,,,,,,
401907013,Davenport,Truman State,28,14,42,14,none,,,,,,
401869960,James Madison,Liberty,20,13,33,7,Bovada,-6.5,home_cover,50.5,under,-250.0,home_win
401869960,James Madison,Liberty,20,13,33,7,DraftKings,-6.0,home_cover,50.5,under,-225.0,home_win
401856634,Alabama,East Carolina,48,10,58,38,Bovada,-28.0,home_cover,52.5,over,-7500.0,home_win
401856634,Alabama,East Carolina,48,10,58,38,DraftKings,-27.5,home_cover,52.5,over,-6500.0,home_win
401908101,Heidelberg,Maryville (TN),40,14,54,26,none,,,,,,
401858208,Syracuse,New Hampshire,66,3,69,63,DraftKings,-34.5,home_cover,55.5,over,-100000.0,home_win
401906994,Michigan Tech,Midwestern State,48,27,75,21,none,,,,,,
401908353,Johns Hopkins,Ithaca,30,21,51,9,none,,,,,,
401908624,Rensselaer,WPI,35,7,42,28,none,,,,,,
401858430,Nebraska,Ohio,49,21,70,28,Bovada,-23.5,home_cover,46.0,over,-2800.0,home_win
401858430,Nebraska,Ohio,49,21,70,28,DraftKings,-23.5,home_cover,46.5,over,-2800.0,home_win
401908364,Moravian,Muhlenberg,7,34,41,-27,none,,,,,,
401908189,Endicott,Eastern,24,14,38,10,none,,,,,,
401866410,Bowling Green,Tarleton State,13,20,33,-7,DraftKings,-2.5,away_cover,48.5,under,-135.0,away_win
401906844,Hillsdale,McKendree,55,24,79,31,none,,,,,,
401858207,Pittsburgh,Miami (OH),59,14,73,45,Bovada,-16.0,home_cover,47.0,over,-800.0,home_win
401858207,Pittsburgh,Miami (OH),59,14,73,45,DraftKings,-16.5,home_cover,47.5,over,-850.0,home_win
401858432,Ohio State,Ball State,56,3,59,53,Bovada,-51.0,home_cover,56.5,over,,home_win
401858432,Ohio State,Ball State,56,3,59,53,DraftKings,-49.5,home_cover,55.5,over,,home_win
401908150,Coe,Cornell (IA),49,7,56,42,none,,,,,,
401908771,Grinnell,Mount Mercy,16,13,29,3,none,,,,,,
401868017,Georgetown,Lehigh,14,45,59,-31,DraftKings,22.5,away_cover,46.5,over,870.0,away_win
401908759,Luther,Lawrence,30,7,37,23,none,,,,,,
401856665,South Carolina,Kent State,57,0,57,57,Bovada,-36.5,home_cover,53.5,over,-100000.0,home_win
401856665,South Carolina,Kent State,57,0,57,57,DraftKings,-35.5,home_cover,53.5,over,-50000.0,home_win
401856659,Kentucky,Youngstown State,45,13,58,32,Bovada,-22.0,home_cover,62.5,under,-2200.0,home_win
401856659,Kentucky,Youngstown State,45,13,58,32,DraftKings,-22.5,home_cover,61.5,under,-1600.0,home_win
401908257,Manchester,Westminster (MO),17,10,27,7,none,,,,,,
401908684,Union,Susquehanna,17,17,34,0,none,,,,,,
401908650,Adrian,Ohio Northern,17,10,27,7,none,,,,,,
401907850,Wheaton (IL),Mount Union,24,23,47,1,none,,,,,,
401908609,William Paterson,Western Connecticut State,17,27,44,-10,none,,,,,,
401908662,Waynesburg,Capital,12,35,47,-23,none,,,,,,
401908623,SUNY Maritime,Worcester State,42,41,83,1,none,,,,,,
401908644,The College of New Jersey,Lycoming,7,17,24,-10,none,,,,,,
401908049,Wisconsin Eau Claire,Alma,23,15,38,8,none,,,,,,
401906118,Virginia State,Bowie State,42,13,55,29,none,,,,,,
401873403,Kean,SUNY Morrisville,30,33,63,-3,none,,,,,,
401856779,Iowa State,Southeast Missouri State,38,10,48,28,DraftKings,-29.5,away_cover,52.5,under,-9000.0,home_win
401908805,Kalamazoo,Kenyon,10,40,50,-30,none,,,,,,
401908965,Washington and Lee,Wittenberg,13,7,20,6,none,,,,,,
401868000,Colgate,Holy Cross,35,10,45,25,DraftKings,-4.5,home_cover,49.5,under,-185.0,home_win
401908285,Hardin Simmons,Chapman,44,24,68,20,none,,,,,,
401908744,Denison,Hope,14,28,42,-14,none,,,,,,
401907250,Morehouse,Clark Atlanta,21,31,52,-10,none,,,,,,
401908617,Vermont State Castleton,Westfield State,29,7,36,22,none,,,,,,
401908576,Husson,Framingham State,21,33,54,-12,none,,,,,,
401908247,Nebraska Wesleyan,Concordia (MN),0,28,28,-28,none,,,,,,
401907604,Shepherd,Frostburg State,34,26,60,8,none,,,,,,
401864496,Air Force,Duquesne,34,0,34,34,Bovada,-28.5,home_cover,57.5,under,,home_win
401864496,Air Force,Duquesne,34,0,34,34,DraftKings,-31.5,home_cover,55.5,under,-6500.0,home_win
401868186,Wofford,Gardner-Webb,17,13,30,4,DraftKings,-8.5,away_cover,50.5,under,-300.0,home_win
401908206,Anderson (IN),Allegheny,12,28,40,-16,none,,,,,,
401908765,Ripon,Concordia (WI),14,38,52,-24,none,,,,,,
401907420,Ferrum,Emory & Henry,16,55,71,-39,none,,,,,,
401907789,St. Norbert,Carroll (WI),10,40,50,-30,none,,,,,,
401906860,Indianapolis,Findlay,10,30,40,-20,none,,,,,,
401906049,Concord,Bluefield State,26,16,42,10,none,,,,,,
401908499,Lake Forest,Greenville,77,14,91,63,none,,,,,,
401909047,Oberlin,Hiram,2,33,35,-31,none,,,,,,
401907758,Buena Vista,Benedictine (IL),14,41,55,-27,none,,,,,,
401907886,Wisconsin Whitewater,Carleton,69,7,76,62,none,,,,,,
401908412,Sewanee,Bethany (WV),37,40,77,-3,none,,,,,,
401908460,Pomona Pitzer,Willamette,42,23,65,19,none,,,,,,
401907691,Jamestown,Sioux Falls,0,31,31,-31,none,,,,,,
401908018,Wisconsin Oshkosh,Linfield,15,41,56,-26,none,,,,,,
401862698,Temple,Rhode Island,38,14,52,24,Bovada,-14.5,home_cover,51.0,over,-700.0,home_win
401862698,Temple,Rhode Island,38,14,52,24,DraftKings,-14.5,home_cover,51.5,over,-700.0,home_win
401866624,Monmouth,Sacred Heart,31,24,55,7,DraftKings,-12.5,away_cover,58.5,under,-640.0,home_win
401908921,St. Scholastica,Wisconsin Lutheran,14,37,51,-23,none,,,,,,
401908039,Saint John's (MN),Wisconsin La Crosse,24,21,45,3,none,,,,,,
401906597,Lenoir Rhyne,West Alabama,23,34,57,-11,none,,,,,,
401907159,South Dakota Mines,Southwest Baptist,38,17,55,21,none,,,,,,
401908722,Geneva,Widener,21,14,35,7,none,,,,,,
401868111,Montana,Drake,45,10,55,35,DraftKings,-35.5,away_cover,60.5,under,,home_win
401907111,Black Hills State,Dakota State University,44,31,75,13,none,,,,,,
401907475,American International,Lock Haven,21,14,35,7,none,,,,,,
401906682,Lake Erie,Saint Anselm,35,7,42,28,none,,,,,,
401856658,Georgia,Tennessee State,63,3,66,60,Bovada,-46.5,home_cover,54.5,over,,home_win
401856658,Georgia,Tennessee State,63,3,66,60,DraftKings,-48.5,home_cover,55.5,over,,home_win
401856667,Texas,Texas State,59,7,66,52,Bovada,-29.5,home_cover,60.0,over,-10000.0,home_win
401856667,Texas,Texas State,59,7,66,52,DraftKings,-29.5,home_cover,59.5,over,-9000.0,home_win
401856636,Auburn,Baylor,17,16,33,1,Bovada,-7.5,away_cover,59.5,under,-270.0,home_win
401856636,Auburn,Baylor,17,16,33,1,DraftKings,-7.5,away_cover,58.5,under,-285.0,home_win
401862696,Navy,Towson,42,15,57,27,Bovada,-30.5,away_cover,50.5,over,,home_win
401862696,Navy,Towson,42,15,57,27,DraftKings,-31.5,away_cover,50.5,over,-100000.0,home_win
401862694,Charlotte,The Citadel,41,43,84,-2,Bovada,-20.0,away_cover,46.5,over,-1400.0,away_win
401862694,Charlotte,The Citadel,41,43,84,-2,DraftKings,-20.5,away_cover,48.5,over,-1650.0,away_win
401866627,App State,Maine,55,3,58,52,Bovada,-19.5,home_cover,53.5,over,-1300.0,home_win
401866627,App State,Maine,55,3,58,52,DraftKings,-21.0,home_cover,53.5,over,-1600.0,home_win
401856666,Tennessee,Furman,56,9,65,47,Bovada,-48.0,away_cover,67.0,under,,home_win
401856666,Tennessee,Furman,56,9,65,47,DraftKings,-49.5,away_cover,66.5,under,,home_win
401856777,Cincinnati,Boston College,34,15,49,19,Bovada,-7.5,home_cover,50.0,under,-270.0,home_win
401856777,Cincinnati,Boston College,34,15,49,19,DraftKings,-7.0,home_cover,51.5,under,-285.0,home_win
401858434,Penn State,Marshall,45,0,45,45,Bovada,-23.0,home_cover,52.0,under,-3500.0,home_win
401858434,Penn State,Marshall,45,0,45,45,DraftKings,-23.5,home_cover,52.5,under,-1800.0,home_win
401862700,UTSA,UT Rio Grande Valley,45,16,61,29,Bovada,-28.5,home_cover,59.5,over,,home_win
401862700,UTSA,UT Rio Grande Valley,45,16,61,29,DraftKings,-28.5,home_cover,59.5,over,-6500.0,home_win
401864499,North Dakota State,Fordham,38,0,38,38,Bovada,-41.5,away_cover,56.0,under,,home_win
401864499,North Dakota State,Fordham,38,0,38,38,DraftKings,-41.5,away_cover,54.5,under,,home_win
401858433,Oregon,Boise State,34,27,61,7,Bovada,-25.0,away_cover,51.5,over,-3300.0,home_win
401858433,Oregon,Boise State,34,27,61,7,DraftKings,-24.5,away_cover,51.5,over,-2800.0,home_win
401858209,Duke,Tulane,17,3,20,14,Bovada,-7.5,home_cover,50.5,under,-480.0,home_win
401858209,Duke,Tulane,17,3,20,14,DraftKings,-7.5,home_cover,50.5,under,-345.0,home_win
401856772,Tulsa,Oklahoma State,24,10,34,14,Bovada,13.5,home_cover,59.0,under,390.0,home_win
401856772,Tulsa,Oklahoma State,24,10,34,14,DraftKings,13.5,home_cover,57.5,under,410.0,home_win
401873228,Puget Sound,Lewis & Clark,21,42,63,-21,none,,,,,,
401907130,Eastern New Mexico,Colorado Mesa,23,42,65,-19,none,,,,,,
401907852,Alfred State,Thiel,74,13,87,61,none,,,,,,
401867875,North Dakota,St. Thomas (MN),62,26,88,36,DraftKings,-28.5,home_cover,53.5,over,,home_win
401907634,Bemidji State,Southwest Minnesota State,38,0,38,38,none,,,,,,
401908429,Pacific Lutheran,Cal Lutheran,37,30,67,7,none,,,,,,
401906921,Allen,Florida Memorial University,31,38,69,-7,none,,,,,,
401856635,Arkansas,North Alabama,31,14,45,17,Bovada,-40.5,away_cover,63.0,under,,home_win
401856635,Arkansas,North Alabama,31,14,45,17,DraftKings,-40.5,away_cover,63.5,under,,home_win
401858426,Iowa,Northern Illinois,40,0,40,40,Bovada,-32.0,home_cover,44.5,under,-100000.0,home_win
401858426,Iowa,Northern Illinois,40,0,40,40,DraftKings,-31.5,home_cover,44.5,under,-50000.0,home_win
401908275,Lyon,East Texas Baptist,7,58,65,-51,none,,,,,,
401868356,Southern Miss,Alcorn State,49,3,52,46,Bovada,-20.0,home_cover,50.5,over,-1400.0,home_win
401868356,Southern Miss,Alcorn State,49,3,52,46,DraftKings,-19.5,home_cover,50.5,over,-1600.0,home_win
401868345,East Tennessee State,Tusculum,48,14,62,34,none,,,,,,
401906178,UVA Wise,Chowan,20,24,44,-4,none,,,,,,
401867978,North Carolina Central,Elizabeth City State,27,6,33,21,none,,,,,,
401906903,Saginaw Valley State,Texas A&M-Kingsville,41,24,65,17,none,,,,,,
401868336,Chattanooga,Tennessee Tech,9,24,33,-15,DraftKings,10.5,away_cover,48.5,under,358.0,away_win
401906621,Walsh,Wheeling,23,21,44,2,none,,,,,,
401908076,Averett,North Carolina Wesleyan,13,27,40,-14,none,,,,,,
401868274,Mercer,Presbyterian,62,3,65,59,DraftKings,-22.5,home_cover,54.5,over,-2100.0,home_win
401906199,Catawba,North Greenville,38,40,78,-2,none,,,,,,
401906133,Lincoln (PA),West Chester,13,21,34,-8,none,,,,,,
401867989,Bucknell,Villanova,16,17,33,-1,DraftKings,22.5,home_cover,54.5,under,1160.0,away_win
401906152,Fayetteville State,UNC Pembroke,10,7,17,3,none,,,,,,
401868325,Alabama State,Lane College,34,0,34,34,none,,,,,,
401907847,Franklin,North Park,34,31,65,3,none,,,,,,
401867917,Robert Morris,West Virginia State,29,9,38,20,none,,,,,,
401869127,Howard,Richmond,21,28,49,-7,DraftKings,14.0,home_cover,43.5,over,453.0,away_win
401867973,Old Dominion,Norfolk State,31,10,41,21,Bovada,-41.0,away_cover,52.0,under,,home_win
401867973,Old Dominion,Norfolk State,31,10,41,21,DraftKings,-41.5,away_cover,52.5,under,,home_win
401906632,Northern Michigan,Tiffin,7,35,42,-28,none,,,,,,
401866626,Davidson,Elon,0,38,38,-38,DraftKings,32.5,away_cover,58.5,under,,away_win
401867692,William & Mary,Delaware State,22,15,37,7,DraftKings,-9.5,away_cover,54.5,under,-348.0,home_win
401860878,Colorado State,Wyoming,35,13,48,22,Bovada,-3.0,home_cover,46.5,over,-180.0,home_win
401860878,Colorado State,Wyoming,35,13,48,22,DraftKings,-2.5,home_cover,46.5,over,-142.0,home_win
401908304,Greensboro,Guilford,48,7,55,41,none,,,,,,
401907273,Anderson (SC),Keiser (Fl),21,14,35,7,none,,,,,,
401907703,University of Mary,Minnesota State,7,48,55,-41,none,,,,,,
401906589,Missouri S&T,Northeastern State,7,27,34,-20,none,,,,,,
401856770,Texas Tech,Abilene Christian,33,10,43,23,Bovada,-44.5,away_cover,60.5,under,,home_win
401856770,Texas Tech,Abilene Christian,33,10,43,23,DraftKings,-44.5,away_cover,60.5,under,,home_win
401907956,Dubuque,Wisconsin Stout,20,34,54,-14,none,,,,,,
401868970,Southern,Kentucky State,34,15,49,19,none,,,,,,
401868958,Jackson State,Edward Waters,66,14,80,52,none,,,,,,
401860880,Utah State,Idaho State,17,29,46,-12,Bovada,-14.5,away_cover,60.0,under,-600.0,away_win
401860880,Utah State,Idaho State,17,29,46,-12,DraftKings,-15.5,away_cover,59.5,under,-650.0,away_win
401862697,Rice,Houston Christian,31,3,34,28,Bovada,-23.0,home_cover,47.5,under,-2000.0,home_win
401862697,Rice,Houston Christian,31,3,34,28,DraftKings,-22.5,home_cover,47.5,under,-3600.0,home_win
401867866,Middle Tennessee,Murray State,38,14,52,24,Bovada,-22.5,home_cover,56.0,under,-1800.0,home_win
401867866,Middle Tennessee,Murray State,38,14,52,24,DraftKings,-22.5,home_cover,55.5,under,-1800.0,home_win
401869136,McNeese,Texas Wesleyan,52,0,52,52,none,,,,,,
401868071,Central Arkansas,West Florida,14,42,56,-28,DraftKings,-7.5,away_cover,55.5,over,-296.0,away_win
401868953,Grambling,Central State,48,26,74,22,none,,,,,,
401908426,Southwestern U,McMurry,26,36,62,-10,none,,,,,,
401856668,Texas A&M,Missouri State,50,0,50,50,Bovada,-40.5,home_cover,53.5,under,,home_win
401856668,Texas A&M,Missouri State,50,0,50,50,DraftKings,-40.5,home_cover,53.5,under,,home_win
401908267,Mount St Joseph,Muskingum,34,0,34,34,none,,,,,,
401907779,Augustana (IL),Simpson (IA),42,14,56,28,none,,,,,,
401868140,Jacksonville State,Eastern Kentucky,49,7,56,42,Bovada,-22.0,home_cover,53.0,over,-1600.0,home_win
401868140,Jacksonville State,Eastern Kentucky,49,7,56,42,DraftKings,-22.5,home_cover,51.5,over,-2100.0,home_win
401906605,Delta State,Wingate,13,36,49,-23,none,,,,,,
401868316,South Alabama,SE Louisiana,39,14,53,25,Bovada,-14.0,home_cover,53.5,under,-510.0,home_win
401868316,South Alabama,SE Louisiana,39,14,53,25,DraftKings,-13.5,home_cover,53.5,under,-575.0,home_win
401870763,Troy,Sam Houston,24,21,45,3,Bovada,-16.5,away_cover,53.0,under,-1300.0,home_win
401870763,Troy,Sam Houston,24,21,45,3,DraftKings,-16.5,away_cover,52.5,under,-850.0,home_win
401868085,Eastern Washington,Northern Iowa,34,24,58,10,DraftKings,-7.0,home_cover,52.5,over,-280.0,home_win
401856771,Kansas State,Nicholls,71,3,74,68,Bovada,-41.0,home_cover,55.0,over,,home_win
401856771,Kansas State,Nicholls,71,3,74,68,DraftKings,-41.5,home_cover,54.5,over,,home_win
401862699,South Florida,Florida International,19,9,28,10,Bovada,-14.5,away_cover,53.0,under,-460.0,home_win
401862699,South Florida,Florida International,19,9,28,10,DraftKings,-14.5,away_cover,53.5,under,-650.0,home_win
401868297,Alabama A&M,Miles,38,23,61,15,none,,,,,,
401908781,Eureka,Knox,0,16,16,-16,none,,,,,,
401867684,UT Martin,Chicago State,42,7,49,35,DraftKings,-45.5,away_cover,61.5,under,,home_win
401868170,Georgia Southern,Charleston Southern,31,0,31,31,Bovada,-28.0,home_cover,52.5,under,-4000.0,home_win
401868170,Georgia Southern,Charleston Southern,31,0,31,31,DraftKings,-28.5,home_cover,51.5,under,-5000.0,home_win
401862695,Memphis,Arkansas State,42,24,66,18,Bovada,-10.5,home_cover,52.0,over,-340.0,home_win
401862695,Memphis,Arkansas State,42,24,66,18,DraftKings,-10.5,home_cover,52.5,over,-425.0,home_win
401908325,Schreiner,Austin,33,27,60,6,none,,,,,,
401907977,Wisconsin Stevens Point,Augsburg,17,12,29,5,none,,,,,,
401856669,Vanderbilt,Austin Peay,28,9,37,19,Bovada,-29.0,away_cover,59.0,under,-6000.0,home_win
401856669,Vanderbilt,Austin Peay,28,9,37,19,DraftKings,-28.5,away_cover,58.5,under,-6500.0,home_win
401908272,Rose Hulman,DePauw,23,31,54,-8,none,,,,,,
401908111,LaGrange,Point University,31,7,38,24,none,,,,,,
401906929,Quincy,Roosevelt,28,41,69,-13,none,,,,,,
401908231,Hanover,Centre,17,0,17,17,none,,,,,,
401869129,Louisiana Tech,Northwestern State,80,6,86,74,Bovada,-44.5,home_cover,56.5,over,,home_win
401869129,Louisiana Tech,Northwestern State,80,6,86,74,DraftKings,-44.5,home_cover,56.5,over,,home_win
401858211,Virginia Tech,VMI,73,3,76,70,Bovada,-54.5,home_cover,62.0,over,,home_win
401858211,Virginia Tech,VMI,73,3,76,70,DraftKings,-53.5,home_cover,59.5,over,,home_win
401856660,LSU,Clemson,51,10,61,41,Bovada,-10.0,home_cover,50.0,over,-480.0,home_win
401856660,LSU,Clemson,51,10,61,41,DraftKings,-10.0,home_cover,49.5,over,-360.0,home_win
401908008,Wisconsin Platteville,Aurora,44,7,51,37,none,,,,,,
401856662,Mississippi State,UL Monroe,62,13,75,49,Bovada,-28.5,home_cover,55.0,over,-100000.0,home_win
401856662,Mississippi State,UL Monroe,62,13,75,49,DraftKings,-28.5,home_cover,54.5,over,-4000.0,home_win
401858428,Michigan,Western Michigan,13,12,25,1,Bovada,-27.5,away_cover,49.5,under,-7000.0,home_win
401858428,Michigan,Western Michigan,13,12,25,1,DraftKings,-27.5,away_cover,49.5,under,-6500.0,home_win
401856637,Florida,Florida Atlantic,66,21,87,45,Bovada,-26.5,home_cover,59.5,over,-6500.0,home_win
401856637,Florida,Florida Atlantic,66,21,87,45,DraftKings,-25.5,home_cover,59.5,over,-2400.0,home_win
401908454,La Verne,Azusa Pacific,30,3,33,27,none,,,,,,
401868158,Southern Utah,Weber State,47,42,89,5,DraftKings,-14.5,away_cover,58.5,over,-820.0,home_win
401908254,Monmouth (IL),Wartburg,21,36,57,-15,none,,,,,,
401908433,Trinity (TX),Texas Lutheran,36,14,50,22,none,,,,,,
401858431,Northwestern,South Dakota State,34,18,52,16,Bovada,-12.5,home_cover,48.5,over,-525.0,home_win
401858431,Northwestern,South Dakota State,34,18,52,16,DraftKings,-14.0,home_cover,49.5,over,-575.0,home_win
401867883,Northern Colorado,South Dakota,23,38,61,-15,DraftKings,20.5,home_cover,56.5,over,920.0,away_win
401907247,Missouri Southern State,Upper Iowa,21,19,40,2,none,,,,,,
401868306,Stephen F. Austin,East Texas A&M,44,7,51,37,DraftKings,-23.5,home_cover,55.5,under,-3300.0,home_win
401907100,Sul Ross State,Adams State,52,26,78,26,none,,,,,,
401906168,Winston-Salem State,Mars Hill,0,17,17,-17,none,,,,,,
401907465,Rhodes,Washington St. Louis,0,73,73,-73,none,,,,,,
401908241,Loras,St. Olaf,31,16,47,15,none,,,,,,
401869142,Louisiana,Lamar,38,7,45,31,Bovada,-20.0,home_cover,48.5,under,-1400.0,home_win
401869142,Louisiana,Lamar,38,7,45,31,DraftKings,-20.5,home_cover,48.5,under,-1200.0,home_win
401856775,BYU,Utah Tech,63,7,70,56,Bovada,-49.5,home_cover,61.0,over,,home_win
401856775,BYU,Utah Tech,63,7,70,56,DraftKings,-50.5,home_cover,61.5,over,,home_win
401867845,Western Illinois,Illinois State,10,41,51,-31,DraftKings,20.5,away_cover,58.5,under,990.0,away_win
401858427,Maryland,Hampton,62,0,62,62,Bovada,-45.5,home_cover,56.0,over,,home_win
401858427,Maryland,Hampton,62,0,62,62,DraftKings,-45.5,home_cover,56.5,over,,home_win
401907151,Fort Lewis,Phoenix,27,9,36,18,none,,,,,,
401868074,Cal Poly,Central Washington,24,17,41,7,none,,,,,,
401907357,Pittsburg State,Emporia State,10,21,31,-11,none,,,,,,
401868119,Montana State,Butler,51,24,75,27,DraftKings,-45.5,away_cover,59.5,over,,home_win
401870790,New Mexico State,Mercyhurst,51,14,65,37,Bovada,-28.5,home_cover,52.0,over,,home_win
401870790,New Mexico State,Mercyhurst,51,14,65,37,DraftKings,-29.5,home_cover,52.5,over,-8000.0,home_win
401860879,San Diego State,Portland State,53,20,73,33,Bovada,-40.5,away_cover,62.0,over,,home_win
401860879,San Diego State,Portland State,53,20,73,33,DraftKings,-39.5,away_cover,62.5,over,,home_win
401856773,Arizona,Northern Arizona,35,7,42,28,Bovada,-31.5,away_cover,58.5,under,-10000.0,home_win
401856773,Arizona,Northern Arizona,35,7,42,28,DraftKings,-31.5,away_cover,58.5,under,-6500.0,home_win
401864498,New Mexico,Central Michigan,38,7,45,31,Bovada,-11.0,home_cover,47.0,under,-575.0,home_win
401864498,New Mexico,Central Michigan,38,7,45,31,DraftKings,-10.5,home_cover,47.5,under,-440.0,home_win
401866411,Sacramento State,Mississippi Valley State,52,0,52,52,DraftKings,-37.5,home_cover,56.5,under,,home_win
401856774,Arizona State,Morgan State,70,7,77,63,Bovada,-45.0,home_cover,52.5,over,,home_win
401856774,Arizona State,Morgan State,70,7,77,63,DraftKings,-43.5,home_cover,52.5,over,,home_win
401864497,Hawai'i,UNLV,6,21,27,-15,Bovada,3.0,away_cover,55.5,under,130.0,away_win
401864497,Hawai'i,UNLV,6,21,27,-15,DraftKings,3.0,away_cover,55.5,under,130.0,away_win
401868163,San Diego,UC Davis,17,49,66,-32,DraftKings,14.5,away_cover,54.5,over,509.0,away_win
401908393,George Fox,Redlands,27,0,27,27,none,,,,,,
401858210,California,UCLA,24,45,69,-21,Bovada,2.5,away_cover,53.5,over,110.0,away_win
401858210,California,UCLA,24,45,69,-21,DraftKings,2.5,away_cover,53.5,over,120.0,away_win
401864432,Nevada,Western Kentucky,49,14,63,35,Bovada,-1.0,home_cover,51.5,over,120.0,home_win
401864432,Nevada,Western Kentucky,49,14,63,35,DraftKings,1.5,home_cover,51.5,over,-108.0,home_win
